2026-04-21 20:52:58,392 INFO train: TIME_BUDGET overridden to 72000s via TRAIN_TIME_BUDGET env var
2026-04-21 20:53:07,400 INFO train: Vocab size: 8,192
2026-04-21 20:53:07,401 INFO train: Model config: {'sequence_len': 2048, 'vocab_size': 8192, 'n_layer': 12, 'n_head': 6, 'n_kv_head': 6, 'n_embd': 768, 'window_pattern': 'L'}
2026-04-21 20:53:08,004 INFO train: Parameter counts:
2026-04-21 20:53:08,004 INFO train:   wte                     : 6,291,456
2026-04-21 20:53:08,006 INFO train:   value_embeds            : 37,748,736
2026-04-21 20:53:08,006 INFO train:   lm_head                 : 6,291,456
2026-04-21 20:53:08,006 INFO train:   transformer_matrices    : 84,935,808
2026-04-21 20:53:08,006 INFO train:   scalars                 : 24
2026-04-21 20:53:08,006 INFO train:   total                   : 135,267,480
2026-04-21 20:53:08,007 INFO train: Estimated FLOPs per token: 7.738560e+08
2026-04-21 20:53:08,007 INFO train: Scaling AdamW LRs by 1/sqrt(768/768) = 1.000000
2026-04-21 20:53:10,478 INFO train: Time budget: 72000s
2026-04-21 20:53:10,478 INFO train: Gradient accumulation steps: 4
2026-04-21 20:54:06,839 INFO train: step 00000 (0.0%) | loss: 9.012540 | lrm: 1.00 | mfu: 0.2% | epoch: 1 | remaining: 72000s
2026-04-21 20:55:09,356 INFO train: step 00050 (0.1%) | loss: 2.793462 | lrm: 1.00 | mfu: 8.3% | epoch: 1 | remaining: 71950s
2026-04-21 20:56:11,502 INFO train: step 00100 (0.2%) | loss: 2.189890 | lrm: 1.00 | mfu: 8.2% | epoch: 1 | remaining: 71888s
2026-04-21 20:57:13,851 INFO train: step 00150 (0.2%) | loss: 1.999373 | lrm: 1.00 | mfu: 8.2% | epoch: 1 | remaining: 71826s
2026-04-21 20:58:16,265 INFO train: step 00200 (0.3%) | loss: 1.913777 | lrm: 1.00 | mfu: 8.2% | epoch: 1 | remaining: 71764s
2026-04-21 20:59:18,660 INFO train: step 00250 (0.4%) | loss: 1.847619 | lrm: 1.00 | mfu: 8.2% | epoch: 1 | remaining: 71701s
2026-04-21 21:00:21,005 INFO train: step 00300 (0.5%) | loss: 1.820367 | lrm: 1.00 | mfu: 8.2% | epoch: 1 | remaining: 71639s
2026-04-21 21:01:23,314 INFO train: step 00350 (0.6%) | loss: 1.793037 | lrm: 1.00 | mfu: 8.2% | epoch: 1 | remaining: 71577s
2026-04-21 21:02:25,614 INFO train: step 00400 (0.7%) | loss: 1.742340 | lrm: 1.00 | mfu: 8.2% | epoch: 1 | remaining: 71514s
2026-04-21 21:03:27,898 INFO train: step 00450 (0.8%) | loss: 1.742330 | lrm: 1.00 | mfu: 8.2% | epoch: 1 | remaining: 71452s
2026-04-21 21:04:30,173 INFO train: step 00500 (0.8%) | loss: 1.717435 | lrm: 1.00 | mfu: 8.2% | epoch: 1 | remaining: 71390s
2026-04-21 21:05:32,439 INFO train: step 00550 (0.9%) | loss: 1.713240 | lrm: 1.00 | mfu: 8.2% | epoch: 1 | remaining: 71327s
2026-04-21 21:06:34,704 INFO train: step 00600 (1.0%) | loss: 1.704663 | lrm: 1.00 | mfu: 8.2% | epoch: 1 | remaining: 71265s
2026-04-21 21:07:36,961 INFO train: step 00650 (1.1%) | loss: 1.666555 | lrm: 1.00 | mfu: 8.2% | epoch: 1 | remaining: 71203s
2026-04-21 21:08:39,214 INFO train: step 00700 (1.2%) | loss: 1.659838 | lrm: 1.00 | mfu: 8.2% | epoch: 1 | remaining: 71141s
2026-04-21 21:09:41,462 INFO train: step 00750 (1.3%) | loss: 1.675750 | lrm: 1.00 | mfu: 8.2% | epoch: 1 | remaining: 71078s
2026-04-21 21:10:43,703 INFO train: step 00800 (1.4%) | loss: 1.669957 | lrm: 1.00 | mfu: 8.2% | epoch: 1 | remaining: 71016s
2026-04-21 21:11:45,937 INFO train: step 00850 (1.5%) | loss: 1.651972 | lrm: 1.00 | mfu: 8.2% | epoch: 1 | remaining: 70954s
2026-04-21 21:12:48,167 INFO train: step 00900 (1.5%) | loss: 1.662221 | lrm: 1.00 | mfu: 8.2% | epoch: 1 | remaining: 70892s
2026-04-21 21:13:50,396 INFO train: step 00950 (1.6%) | loss: 1.636478 | lrm: 1.00 | mfu: 8.2% | epoch: 1 | remaining: 70830s
2026-04-21 21:14:52,631 INFO train: step 01000 (1.7%) | loss: 1.624795 | lrm: 1.00 | mfu: 8.2% | epoch: 1 | remaining: 70767s
2026-04-21 21:15:54,870 INFO train: step 01050 (1.8%) | loss: 1.650484 | lrm: 1.00 | mfu: 8.2% | epoch: 1 | remaining: 70705s
2026-04-21 21:16:57,114 INFO train: step 01100 (1.9%) | loss: 1.653528 | lrm: 1.00 | mfu: 8.2% | epoch: 1 | remaining: 70643s
2026-04-21 21:17:59,359 INFO train: step 01150 (2.0%) | loss: 1.621253 | lrm: 1.00 | mfu: 8.2% | epoch: 1 | remaining: 70581s
2026-04-21 21:19:01,598 INFO train: step 01200 (2.1%) | loss: 1.649859 | lrm: 1.00 | mfu: 8.2% | epoch: 1 | remaining: 70518s
2026-04-21 21:20:03,841 INFO train: step 01250 (2.1%) | loss: 1.631927 | lrm: 1.00 | mfu: 8.2% | epoch: 1 | remaining: 70456s
2026-04-21 21:21:06,076 INFO train: step 01300 (2.2%) | loss: 1.602687 | lrm: 1.00 | mfu: 8.2% | epoch: 1 | remaining: 70394s
2026-04-21 21:22:08,304 INFO train: step 01350 (2.3%) | loss: 1.598422 | lrm: 1.00 | mfu: 8.2% | epoch: 1 | remaining: 70332s
2026-04-21 21:23:10,531 INFO train: step 01400 (2.4%) | loss: 1.621248 | lrm: 1.00 | mfu: 8.2% | epoch: 1 | remaining: 70269s
2026-04-21 21:24:12,759 INFO train: step 01450 (2.5%) | loss: 1.619960 | lrm: 1.00 | mfu: 8.2% | epoch: 1 | remaining: 70207s
2026-04-21 21:25:14,992 INFO train: step 01500 (2.6%) | loss: 1.625112 | lrm: 1.00 | mfu: 8.2% | epoch: 1 | remaining: 70145s
2026-04-21 21:26:17,222 INFO train: step 01550 (2.7%) | loss: 1.636095 | lrm: 1.00 | mfu: 8.2% | epoch: 1 | remaining: 70083s
2026-04-21 21:27:19,445 INFO train: step 01600 (2.7%) | loss: 1.620588 | lrm: 1.00 | mfu: 8.2% | epoch: 1 | remaining: 70021s
2026-04-21 21:28:21,676 INFO train: step 01650 (2.8%) | loss: 1.599888 | lrm: 1.00 | mfu: 8.2% | epoch: 1 | remaining: 69958s
2026-04-21 21:29:23,902 INFO train: step 01700 (2.9%) | loss: 1.600982 | lrm: 1.00 | mfu: 8.2% | epoch: 1 | remaining: 69896s
2026-04-21 21:30:26,130 INFO train: step 01750 (3.0%) | loss: 1.606795 | lrm: 1.00 | mfu: 8.2% | epoch: 1 | remaining: 69834s
2026-04-21 21:31:28,361 INFO train: step 01800 (3.1%) | loss: 1.593021 | lrm: 1.00 | mfu: 8.2% | epoch: 1 | remaining: 69772s
2026-04-21 21:32:30,586 INFO train: step 01850 (3.2%) | loss: 1.606242 | lrm: 1.00 | mfu: 8.2% | epoch: 1 | remaining: 69709s
2026-04-21 21:33:32,809 INFO train: step 01900 (3.3%) | loss: 1.612930 | lrm: 1.00 | mfu: 8.2% | epoch: 1 | remaining: 69647s
2026-04-21 21:34:35,026 INFO train: step 01950 (3.4%) | loss: 1.599938 | lrm: 1.00 | mfu: 8.2% | epoch: 1 | remaining: 69585s
2026-04-21 21:35:37,238 INFO train: step 02000 (3.4%) | loss: 1.587002 | lrm: 1.00 | mfu: 8.2% | epoch: 1 | remaining: 69523s
2026-04-21 21:36:39,448 INFO train: step 02050 (3.5%) | loss: 1.612250 | lrm: 1.00 | mfu: 8.2% | epoch: 1 | remaining: 69461s
2026-04-21 21:37:41,658 INFO train: step 02100 (3.6%) | loss: 1.589968 | lrm: 1.00 | mfu: 8.2% | epoch: 1 | remaining: 69398s
2026-04-21 21:38:43,869 INFO train: step 02150 (3.7%) | loss: 1.574351 | lrm: 1.00 | mfu: 8.2% | epoch: 1 | remaining: 69336s
2026-04-21 21:39:46,083 INFO train: step 02200 (3.8%) | loss: 1.580058 | lrm: 1.00 | mfu: 8.2% | epoch: 1 | remaining: 69274s
2026-04-21 21:40:48,299 INFO train: step 02250 (3.9%) | loss: 1.587487 | lrm: 1.00 | mfu: 8.2% | epoch: 1 | remaining: 69212s
2026-04-21 21:41:50,513 INFO train: step 02300 (4.0%) | loss: 1.580346 | lrm: 1.00 | mfu: 8.2% | epoch: 1 | remaining: 69150s
2026-04-21 21:42:52,729 INFO train: step 02350 (4.0%) | loss: 1.593370 | lrm: 1.00 | mfu: 8.2% | epoch: 1 | remaining: 69087s
2026-04-21 21:43:54,943 INFO train: step 02400 (4.1%) | loss: 1.589007 | lrm: 1.00 | mfu: 8.2% | epoch: 1 | remaining: 69025s
2026-04-21 21:44:57,152 INFO train: step 02450 (4.2%) | loss: 1.592455 | lrm: 1.00 | mfu: 8.2% | epoch: 1 | remaining: 68963s
2026-04-21 21:45:59,359 INFO train: step 02500 (4.3%) | loss: 1.579688 | lrm: 1.00 | mfu: 8.2% | epoch: 1 | remaining: 68901s
2026-04-21 21:47:01,558 INFO train: step 02550 (4.4%) | loss: 1.597397 | lrm: 1.00 | mfu: 8.2% | epoch: 1 | remaining: 68839s
2026-04-21 21:48:03,759 INFO train: step 02600 (4.5%) | loss: 1.607846 | lrm: 1.00 | mfu: 8.2% | epoch: 1 | remaining: 68776s
2026-04-21 21:49:05,957 INFO train: step 02650 (4.6%) | loss: 1.586291 | lrm: 1.00 | mfu: 8.3% | epoch: 1 | remaining: 68714s
2026-04-21 21:50:08,159 INFO train: step 02700 (4.6%) | loss: 1.569293 | lrm: 1.00 | mfu: 8.2% | epoch: 1 | remaining: 68652s
2026-04-21 21:51:10,356 INFO train: step 02750 (4.7%) | loss: 1.568395 | lrm: 1.00 | mfu: 8.2% | epoch: 1 | remaining: 68590s
2026-04-21 21:52:12,555 INFO train: step 02800 (4.8%) | loss: 1.570095 | lrm: 1.00 | mfu: 8.2% | epoch: 1 | remaining: 68528s
2026-04-21 21:53:14,769 INFO train: step 02850 (4.9%) | loss: 1.583016 | lrm: 1.00 | mfu: 8.2% | epoch: 1 | remaining: 68465s
2026-04-21 21:54:16,972 INFO train: step 02900 (5.0%) | loss: 1.587302 | lrm: 1.00 | mfu: 8.2% | epoch: 1 | remaining: 68403s
2026-04-21 21:55:19,170 INFO train: step 02950 (5.1%) | loss: 1.590328 | lrm: 1.00 | mfu: 8.2% | epoch: 1 | remaining: 68341s
2026-04-21 21:56:21,371 INFO train: step 03000 (5.2%) | loss: 1.573772 | lrm: 1.00 | mfu: 8.2% | epoch: 1 | remaining: 68279s
2026-04-21 21:57:23,576 INFO train: step 03050 (5.3%) | loss: 1.558272 | lrm: 1.00 | mfu: 8.2% | epoch: 1 | remaining: 68217s
2026-04-21 21:58:25,782 INFO train: step 03100 (5.3%) | loss: 1.549561 | lrm: 1.00 | mfu: 8.2% | epoch: 1 | remaining: 68154s
2026-04-21 21:59:27,991 INFO train: step 03150 (5.4%) | loss: 1.589021 | lrm: 1.00 | mfu: 8.2% | epoch: 1 | remaining: 68092s
2026-04-21 22:00:30,216 INFO train: step 03200 (5.5%) | loss: 1.576927 | lrm: 1.00 | mfu: 8.2% | epoch: 1 | remaining: 68030s
2026-04-21 22:01:32,431 INFO train: step 03250 (5.6%) | loss: 1.570411 | lrm: 1.00 | mfu: 8.2% | epoch: 1 | remaining: 67968s
2026-04-21 22:02:34,647 INFO train: step 03300 (5.7%) | loss: 1.582672 | lrm: 1.00 | mfu: 8.2% | epoch: 1 | remaining: 67906s
2026-04-21 22:03:36,853 INFO train: step 03350 (5.8%) | loss: 1.581513 | lrm: 1.00 | mfu: 8.2% | epoch: 1 | remaining: 67843s
2026-04-21 22:04:39,066 INFO train: step 03400 (5.9%) | loss: 1.583630 | lrm: 1.00 | mfu: 8.2% | epoch: 2 | remaining: 67781s
2026-04-21 22:05:41,282 INFO train: step 03450 (5.9%) | loss: 1.576886 | lrm: 1.00 | mfu: 8.2% | epoch: 2 | remaining: 67719s
2026-04-21 22:06:43,490 INFO train: step 03500 (6.0%) | loss: 1.583861 | lrm: 1.00 | mfu: 8.2% | epoch: 2 | remaining: 67657s
2026-04-21 22:07:45,699 INFO train: step 03550 (6.1%) | loss: 1.555406 | lrm: 1.00 | mfu: 8.2% | epoch: 2 | remaining: 67595s
2026-04-21 22:08:47,916 INFO train: step 03600 (6.2%) | loss: 1.586032 | lrm: 1.00 | mfu: 8.2% | epoch: 2 | remaining: 67532s
2026-04-21 22:09:50,133 INFO train: step 03650 (6.3%) | loss: 1.572612 | lrm: 1.00 | mfu: 8.2% | epoch: 2 | remaining: 67470s
2026-04-21 22:10:52,345 INFO train: step 03700 (6.4%) | loss: 1.573577 | lrm: 1.00 | mfu: 8.2% | epoch: 2 | remaining: 67408s
2026-04-21 22:11:54,567 INFO train: step 03750 (6.5%) | loss: 1.562711 | lrm: 1.00 | mfu: 8.2% | epoch: 2 | remaining: 67346s
2026-04-21 22:12:56,780 INFO train: step 03800 (6.5%) | loss: 1.554903 | lrm: 1.00 | mfu: 8.2% | epoch: 2 | remaining: 67283s
2026-04-21 22:13:58,995 INFO train: step 03850 (6.6%) | loss: 1.568958 | lrm: 1.00 | mfu: 8.2% | epoch: 2 | remaining: 67221s
2026-04-21 22:15:01,212 INFO train: step 03900 (6.7%) | loss: 1.535645 | lrm: 1.00 | mfu: 8.2% | epoch: 2 | remaining: 67159s
2026-04-21 22:16:03,435 INFO train: step 03950 (6.8%) | loss: 1.559169 | lrm: 1.00 | mfu: 8.2% | epoch: 2 | remaining: 67097s
2026-04-21 22:17:05,655 INFO train: step 04000 (6.9%) | loss: 1.563828 | lrm: 1.00 | mfu: 8.2% | epoch: 2 | remaining: 67035s
2026-04-21 22:18:07,868 INFO train: step 04050 (7.0%) | loss: 1.564446 | lrm: 1.00 | mfu: 8.2% | epoch: 2 | remaining: 66972s
2026-04-21 22:19:10,081 INFO train: step 04100 (7.1%) | loss: 1.566135 | lrm: 1.00 | mfu: 8.2% | epoch: 2 | remaining: 66910s
2026-04-21 22:20:12,292 INFO train: step 04150 (7.2%) | loss: 1.573739 | lrm: 1.00 | mfu: 8.2% | epoch: 2 | remaining: 66848s
2026-04-21 22:21:14,509 INFO train: step 04200 (7.2%) | loss: 1.560671 | lrm: 1.00 | mfu: 8.2% | epoch: 2 | remaining: 66786s
2026-04-21 22:22:16,732 INFO train: step 04250 (7.3%) | loss: 1.547544 | lrm: 1.00 | mfu: 8.2% | epoch: 2 | remaining: 66724s
2026-04-21 22:23:18,947 INFO train: step 04300 (7.4%) | loss: 1.553906 | lrm: 1.00 | mfu: 8.2% | epoch: 2 | remaining: 66661s
2026-04-21 22:24:21,153 INFO train: step 04350 (7.5%) | loss: 1.548632 | lrm: 1.00 | mfu: 8.2% | epoch: 2 | remaining: 66599s
2026-04-21 22:25:23,365 INFO train: step 04400 (7.6%) | loss: 1.560327 | lrm: 1.00 | mfu: 8.2% | epoch: 2 | remaining: 66537s
2026-04-21 22:26:25,602 INFO train: step 04450 (7.7%) | loss: 1.548682 | lrm: 1.00 | mfu: 8.2% | epoch: 2 | remaining: 66475s
2026-04-21 22:27:27,839 INFO train: step 04500 (7.8%) | loss: 1.549433 | lrm: 1.00 | mfu: 8.2% | epoch: 2 | remaining: 66413s
2026-04-21 22:28:30,059 INFO train: step 04550 (7.8%) | loss: 1.552247 | lrm: 1.00 | mfu: 8.2% | epoch: 2 | remaining: 66350s
2026-04-21 22:29:32,284 INFO train: step 04600 (7.9%) | loss: 1.537105 | lrm: 1.00 | mfu: 8.2% | epoch: 2 | remaining: 66288s
2026-04-21 22:30:34,509 INFO train: step 04650 (8.0%) | loss: 1.547597 | lrm: 1.00 | mfu: 8.2% | epoch: 2 | remaining: 66226s
2026-04-21 22:31:36,729 INFO train: step 04700 (8.1%) | loss: 1.561342 | lrm: 1.00 | mfu: 8.2% | epoch: 2 | remaining: 66164s
2026-04-21 22:32:38,943 INFO train: step 04750 (8.2%) | loss: 1.568736 | lrm: 1.00 | mfu: 8.2% | epoch: 2 | remaining: 66101s
2026-04-21 22:33:41,165 INFO train: step 04800 (8.3%) | loss: 1.532141 | lrm: 1.00 | mfu: 8.2% | epoch: 2 | remaining: 66039s
2026-04-21 22:34:43,381 INFO train: step 04850 (8.4%) | loss: 1.540078 | lrm: 1.00 | mfu: 8.2% | epoch: 2 | remaining: 65977s
2026-04-21 22:35:45,574 INFO train: step 04900 (8.4%) | loss: 1.552379 | lrm: 1.00 | mfu: 8.2% | epoch: 2 | remaining: 65915s
2026-04-21 22:36:47,754 INFO train: step 04950 (8.5%) | loss: 1.559017 | lrm: 1.00 | mfu: 8.2% | epoch: 2 | remaining: 65853s
2026-04-21 22:37:50,009 INFO train: step 05000 (8.6%) | loss: 1.551663 | lrm: 1.00 | mfu: 8.3% | epoch: 2 | remaining: 65790s
2026-04-21 22:38:52,208 INFO train: step 05050 (8.7%) | loss: 1.540528 | lrm: 1.00 | mfu: 8.2% | epoch: 2 | remaining: 65728s
2026-04-21 22:39:54,392 INFO train: step 05100 (8.8%) | loss: 1.566272 | lrm: 1.00 | mfu: 8.2% | epoch: 2 | remaining: 65666s
2026-04-21 22:40:56,589 INFO train: step 05150 (8.9%) | loss: 1.552207 | lrm: 1.00 | mfu: 8.2% | epoch: 2 | remaining: 65604s
2026-04-21 22:41:58,807 INFO train: step 05200 (9.0%) | loss: 1.547068 | lrm: 1.00 | mfu: 8.2% | epoch: 2 | remaining: 65542s
2026-04-21 22:43:01,035 INFO train: step 05250 (9.1%) | loss: 1.546713 | lrm: 1.00 | mfu: 8.2% | epoch: 2 | remaining: 65479s
2026-04-21 22:44:03,245 INFO train: step 05300 (9.1%) | loss: 1.575433 | lrm: 1.00 | mfu: 8.2% | epoch: 2 | remaining: 65417s
2026-04-21 22:45:05,446 INFO train: step 05350 (9.2%) | loss: 1.543379 | lrm: 1.00 | mfu: 8.2% | epoch: 2 | remaining: 65355s
2026-04-21 22:46:07,691 INFO train: step 05400 (9.3%) | loss: 1.555951 | lrm: 1.00 | mfu: 8.2% | epoch: 2 | remaining: 65293s
2026-04-21 22:47:09,938 INFO train: step 05450 (9.4%) | loss: 1.544968 | lrm: 1.00 | mfu: 8.2% | epoch: 2 | remaining: 65231s
2026-04-21 22:48:12,196 INFO train: step 05500 (9.5%) | loss: 1.559434 | lrm: 1.00 | mfu: 8.2% | epoch: 2 | remaining: 65168s
2026-04-21 22:49:14,440 INFO train: step 05550 (9.6%) | loss: 1.543060 | lrm: 1.00 | mfu: 8.2% | epoch: 2 | remaining: 65106s
2026-04-21 22:50:16,681 INFO train: step 05600 (9.7%) | loss: 1.547374 | lrm: 1.00 | mfu: 8.2% | epoch: 2 | remaining: 65044s
2026-04-21 22:51:18,919 INFO train: step 05650 (9.7%) | loss: 1.561379 | lrm: 1.00 | mfu: 8.2% | epoch: 2 | remaining: 64982s
2026-04-21 22:52:21,150 INFO train: step 05700 (9.8%) | loss: 1.546722 | lrm: 1.00 | mfu: 8.2% | epoch: 2 | remaining: 64919s
2026-04-21 22:53:23,381 INFO train: step 05750 (9.9%) | loss: 1.547880 | lrm: 1.00 | mfu: 8.2% | epoch: 2 | remaining: 64857s
2026-04-21 22:54:25,604 INFO train: step 05800 (10.0%) | loss: 1.545057 | lrm: 1.00 | mfu: 8.2% | epoch: 2 | remaining: 64795s
2026-04-21 22:55:27,824 INFO train: step 05850 (10.1%) | loss: 1.536352 | lrm: 1.00 | mfu: 8.2% | epoch: 2 | remaining: 64733s
2026-04-21 22:56:30,052 INFO train: step 05900 (10.2%) | loss: 1.567072 | lrm: 1.00 | mfu: 8.2% | epoch: 2 | remaining: 64671s
2026-04-21 22:57:32,287 INFO train: step 05950 (10.3%) | loss: 1.549852 | lrm: 1.00 | mfu: 8.2% | epoch: 2 | remaining: 64608s
2026-04-21 22:58:34,517 INFO train: step 06000 (10.4%) | loss: 1.557216 | lrm: 1.00 | mfu: 8.2% | epoch: 2 | remaining: 64546s
2026-04-21 22:59:36,747 INFO train: step 06050 (10.4%) | loss: 1.533452 | lrm: 1.00 | mfu: 8.2% | epoch: 2 | remaining: 64484s
2026-04-21 23:00:38,974 INFO train: step 06100 (10.5%) | loss: 1.566935 | lrm: 1.00 | mfu: 8.2% | epoch: 2 | remaining: 64422s
2026-04-21 23:01:41,199 INFO train: step 06150 (10.6%) | loss: 1.543144 | lrm: 1.00 | mfu: 8.2% | epoch: 2 | remaining: 64359s
2026-04-21 23:02:43,427 INFO train: step 06200 (10.7%) | loss: 1.545848 | lrm: 1.00 | mfu: 8.2% | epoch: 2 | remaining: 64297s
2026-04-21 23:03:45,658 INFO train: step 06250 (10.8%) | loss: 1.548728 | lrm: 1.00 | mfu: 8.2% | epoch: 2 | remaining: 64235s
2026-04-21 23:04:47,882 INFO train: step 06300 (10.9%) | loss: 1.558443 | lrm: 1.00 | mfu: 8.2% | epoch: 2 | remaining: 64173s
2026-04-21 23:05:50,111 INFO train: step 06350 (11.0%) | loss: 1.538515 | lrm: 1.00 | mfu: 8.2% | epoch: 2 | remaining: 64111s
2026-04-21 23:06:52,347 INFO train: step 06400 (11.0%) | loss: 1.534230 | lrm: 1.00 | mfu: 8.2% | epoch: 2 | remaining: 64048s
2026-04-21 23:07:54,587 INFO train: step 06450 (11.1%) | loss: 1.548565 | lrm: 1.00 | mfu: 8.2% | epoch: 2 | remaining: 63986s
2026-04-21 23:08:56,818 INFO train: step 06500 (11.2%) | loss: 1.540966 | lrm: 1.00 | mfu: 8.2% | epoch: 2 | remaining: 63924s
2026-04-21 23:09:59,051 INFO train: step 06550 (11.3%) | loss: 1.535025 | lrm: 1.00 | mfu: 8.2% | epoch: 2 | remaining: 63862s
2026-04-21 23:11:01,271 INFO train: step 06600 (11.4%) | loss: 1.565377 | lrm: 1.00 | mfu: 8.2% | epoch: 2 | remaining: 63799s
2026-04-21 23:12:03,491 INFO train: step 06650 (11.5%) | loss: 1.527720 | lrm: 1.00 | mfu: 8.2% | epoch: 2 | remaining: 63737s
2026-04-21 23:13:05,714 INFO train: step 06700 (11.6%) | loss: 1.553719 | lrm: 1.00 | mfu: 8.2% | epoch: 2 | remaining: 63675s
2026-04-21 23:14:07,935 INFO train: step 06750 (11.6%) | loss: 1.560617 | lrm: 1.00 | mfu: 8.2% | epoch: 3 | remaining: 63613s
2026-04-21 23:15:10,161 INFO train: step 06800 (11.7%) | loss: 1.545407 | lrm: 1.00 | mfu: 8.2% | epoch: 3 | remaining: 63551s
2026-04-21 23:16:12,386 INFO train: step 06850 (11.8%) | loss: 1.534998 | lrm: 1.00 | mfu: 8.2% | epoch: 3 | remaining: 63488s
2026-04-21 23:17:14,609 INFO train: step 06900 (11.9%) | loss: 1.541935 | lrm: 1.00 | mfu: 8.2% | epoch: 3 | remaining: 63426s
2026-04-21 23:18:16,832 INFO train: step 06950 (12.0%) | loss: 1.555460 | lrm: 1.00 | mfu: 8.2% | epoch: 3 | remaining: 63364s
2026-04-21 23:19:19,058 INFO train: step 07000 (12.1%) | loss: 1.531398 | lrm: 1.00 | mfu: 8.2% | epoch: 3 | remaining: 63302s
2026-04-21 23:20:21,282 INFO train: step 07050 (12.2%) | loss: 1.537663 | lrm: 1.00 | mfu: 8.2% | epoch: 3 | remaining: 63239s
2026-04-21 23:21:23,509 INFO train: step 07100 (12.3%) | loss: 1.512312 | lrm: 1.00 | mfu: 8.2% | epoch: 3 | remaining: 63177s
2026-04-21 23:22:25,725 INFO train: step 07150 (12.3%) | loss: 1.535484 | lrm: 1.00 | mfu: 8.2% | epoch: 3 | remaining: 63115s
2026-04-21 23:23:27,946 INFO train: step 07200 (12.4%) | loss: 1.522800 | lrm: 1.00 | mfu: 8.2% | epoch: 3 | remaining: 63053s
2026-04-21 23:24:30,167 INFO train: step 07250 (12.5%) | loss: 1.530449 | lrm: 1.00 | mfu: 8.2% | epoch: 3 | remaining: 62991s
2026-04-21 23:25:32,388 INFO train: step 07300 (12.6%) | loss: 1.559805 | lrm: 1.00 | mfu: 8.2% | epoch: 3 | remaining: 62928s
2026-04-21 23:26:34,612 INFO train: step 07350 (12.7%) | loss: 1.528269 | lrm: 1.00 | mfu: 8.2% | epoch: 3 | remaining: 62866s
2026-04-21 23:27:36,840 INFO train: step 07400 (12.8%) | loss: 1.530308 | lrm: 1.00 | mfu: 8.2% | epoch: 3 | remaining: 62804s
2026-04-21 23:28:39,063 INFO train: step 07450 (12.9%) | loss: 1.544375 | lrm: 1.00 | mfu: 8.2% | epoch: 3 | remaining: 62742s
2026-04-21 23:29:41,286 INFO train: step 07500 (12.9%) | loss: 1.533478 | lrm: 1.00 | mfu: 8.2% | epoch: 3 | remaining: 62680s
2026-04-21 23:30:43,507 INFO train: step 07550 (13.0%) | loss: 1.539073 | lrm: 1.00 | mfu: 8.2% | epoch: 3 | remaining: 62617s
2026-04-21 23:31:45,729 INFO train: step 07600 (13.1%) | loss: 1.529400 | lrm: 1.00 | mfu: 8.2% | epoch: 3 | remaining: 62555s
2026-04-21 23:32:47,948 INFO train: step 07650 (13.2%) | loss: 1.550211 | lrm: 1.00 | mfu: 8.2% | epoch: 3 | remaining: 62493s
2026-04-21 23:33:50,142 INFO train: step 07700 (13.3%) | loss: 1.545136 | lrm: 1.00 | mfu: 8.2% | epoch: 3 | remaining: 62431s
2026-04-21 23:34:52,333 INFO train: step 07750 (13.4%) | loss: 1.551154 | lrm: 1.00 | mfu: 8.2% | epoch: 3 | remaining: 62369s
2026-04-21 23:35:54,518 INFO train: step 07800 (13.5%) | loss: 1.521910 | lrm: 1.00 | mfu: 8.2% | epoch: 3 | remaining: 62306s
2026-04-21 23:36:56,697 INFO train: step 07850 (13.5%) | loss: 1.521875 | lrm: 1.00 | mfu: 8.2% | epoch: 3 | remaining: 62244s
2026-04-21 23:37:58,881 INFO train: step 07900 (13.6%) | loss: 1.543931 | lrm: 1.00 | mfu: 8.2% | epoch: 3 | remaining: 62182s
2026-04-21 23:39:01,060 INFO train: step 07950 (13.7%) | loss: 1.553829 | lrm: 1.00 | mfu: 8.2% | epoch: 3 | remaining: 62120s
2026-04-21 23:40:03,237 INFO train: step 08000 (13.8%) | loss: 1.564125 | lrm: 1.00 | mfu: 8.2% | epoch: 3 | remaining: 62058s
2026-04-21 23:41:05,414 INFO train: step 08050 (13.9%) | loss: 1.542759 | lrm: 1.00 | mfu: 8.2% | epoch: 3 | remaining: 61995s
2026-04-21 23:42:07,595 INFO train: step 08100 (14.0%) | loss: 1.538613 | lrm: 1.00 | mfu: 8.2% | epoch: 3 | remaining: 61933s
2026-04-21 23:43:09,778 INFO train: step 08150 (14.1%) | loss: 1.512298 | lrm: 1.00 | mfu: 8.2% | epoch: 3 | remaining: 61871s
2026-04-21 23:44:11,955 INFO train: step 08200 (14.2%) | loss: 1.536577 | lrm: 1.00 | mfu: 8.2% | epoch: 3 | remaining: 61809s
2026-04-21 23:45:14,136 INFO train: step 08250 (14.2%) | loss: 1.515818 | lrm: 1.00 | mfu: 8.2% | epoch: 3 | remaining: 61747s
2026-04-21 23:46:16,316 INFO train: step 08300 (14.3%) | loss: 1.517207 | lrm: 1.00 | mfu: 8.2% | epoch: 3 | remaining: 61685s
2026-04-21 23:47:18,495 INFO train: step 08350 (14.4%) | loss: 1.556602 | lrm: 1.00 | mfu: 8.2% | epoch: 3 | remaining: 61622s
2026-04-21 23:48:20,676 INFO train: step 08400 (14.5%) | loss: 1.535309 | lrm: 1.00 | mfu: 8.2% | epoch: 3 | remaining: 61560s
2026-04-21 23:49:22,857 INFO train: step 08450 (14.6%) | loss: 1.528780 | lrm: 1.00 | mfu: 8.2% | epoch: 3 | remaining: 61498s
2026-04-21 23:50:25,036 INFO train: step 08500 (14.7%) | loss: 1.525731 | lrm: 1.00 | mfu: 8.2% | epoch: 3 | remaining: 61436s
2026-04-21 23:51:27,213 INFO train: step 08550 (14.8%) | loss: 1.530336 | lrm: 1.00 | mfu: 8.2% | epoch: 3 | remaining: 61374s
2026-04-21 23:52:29,401 INFO train: step 08600 (14.8%) | loss: 1.540559 | lrm: 1.00 | mfu: 8.2% | epoch: 3 | remaining: 61312s
2026-04-21 23:53:31,584 INFO train: step 08650 (14.9%) | loss: 1.549286 | lrm: 1.00 | mfu: 8.3% | epoch: 3 | remaining: 61249s
2026-04-21 23:54:33,765 INFO train: step 08700 (15.0%) | loss: 1.521518 | lrm: 1.00 | mfu: 8.2% | epoch: 3 | remaining: 61187s
2026-04-21 23:55:35,951 INFO train: step 08750 (15.1%) | loss: 1.540090 | lrm: 1.00 | mfu: 8.2% | epoch: 3 | remaining: 61125s
2026-04-21 23:56:38,143 INFO train: step 08800 (15.2%) | loss: 1.528935 | lrm: 1.00 | mfu: 8.2% | epoch: 3 | remaining: 61063s
2026-04-21 23:57:40,341 INFO train: step 08850 (15.3%) | loss: 1.533351 | lrm: 1.00 | mfu: 8.2% | epoch: 3 | remaining: 61001s
2026-04-21 23:58:42,529 INFO train: step 08900 (15.4%) | loss: 1.532215 | lrm: 1.00 | mfu: 8.2% | epoch: 3 | remaining: 60938s
2026-04-21 23:59:44,723 INFO train: step 08950 (15.4%) | loss: 1.519949 | lrm: 1.00 | mfu: 8.2% | epoch: 3 | remaining: 60876s
2026-04-22 00:00:46,918 INFO train: step 09000 (15.5%) | loss: 1.524212 | lrm: 1.00 | mfu: 8.2% | epoch: 3 | remaining: 60814s
2026-04-22 00:01:49,111 INFO train: step 09050 (15.6%) | loss: 1.520803 | lrm: 1.00 | mfu: 8.2% | epoch: 3 | remaining: 60752s
2026-04-22 00:02:51,309 INFO train: step 09100 (15.7%) | loss: 1.545333 | lrm: 1.00 | mfu: 8.2% | epoch: 3 | remaining: 60690s
2026-04-22 00:03:53,506 INFO train: step 09150 (15.8%) | loss: 1.534102 | lrm: 1.00 | mfu: 8.2% | epoch: 3 | remaining: 60628s
2026-04-22 00:04:55,697 INFO train: step 09200 (15.9%) | loss: 1.527872 | lrm: 1.00 | mfu: 8.2% | epoch: 3 | remaining: 60565s
2026-04-22 00:05:57,902 INFO train: step 09250 (16.0%) | loss: 1.522117 | lrm: 1.00 | mfu: 8.2% | epoch: 3 | remaining: 60503s
2026-04-22 00:07:00,120 INFO train: step 09300 (16.1%) | loss: 1.536450 | lrm: 1.00 | mfu: 8.2% | epoch: 3 | remaining: 60441s
2026-04-22 00:08:02,331 INFO train: step 09350 (16.1%) | loss: 1.533986 | lrm: 1.00 | mfu: 8.2% | epoch: 3 | remaining: 60379s
2026-04-22 00:09:04,716 INFO train: step 09400 (16.2%) | loss: 1.532416 | lrm: 1.00 | mfu: 8.2% | epoch: 3 | remaining: 60316s
2026-04-22 00:10:06,930 INFO train: step 09450 (16.3%) | loss: 1.539171 | lrm: 1.00 | mfu: 8.2% | epoch: 3 | remaining: 60254s
2026-04-22 00:11:09,135 INFO train: step 09500 (16.4%) | loss: 1.537769 | lrm: 1.00 | mfu: 8.2% | epoch: 3 | remaining: 60192s
2026-04-22 00:12:11,339 INFO train: step 09550 (16.5%) | loss: 1.513632 | lrm: 1.00 | mfu: 8.2% | epoch: 3 | remaining: 60130s
2026-04-22 00:13:13,542 INFO train: step 09600 (16.6%) | loss: 1.493451 | lrm: 1.00 | mfu: 8.2% | epoch: 3 | remaining: 60068s
2026-04-22 00:14:15,743 INFO train: step 09650 (16.7%) | loss: 1.520027 | lrm: 1.00 | mfu: 8.2% | epoch: 3 | remaining: 60005s
2026-04-22 00:15:17,931 INFO train: step 09700 (16.7%) | loss: 1.548330 | lrm: 1.00 | mfu: 8.2% | epoch: 3 | remaining: 59943s
2026-04-22 00:16:20,120 INFO train: step 09750 (16.8%) | loss: 1.524198 | lrm: 1.00 | mfu: 8.2% | epoch: 3 | remaining: 59881s
2026-04-22 00:17:22,302 INFO train: step 09800 (16.9%) | loss: 1.527779 | lrm: 1.00 | mfu: 8.2% | epoch: 3 | remaining: 59819s
2026-04-22 00:18:24,486 INFO train: step 09850 (17.0%) | loss: 1.526143 | lrm: 1.00 | mfu: 8.2% | epoch: 3 | remaining: 59757s
2026-04-22 00:19:26,667 INFO train: step 09900 (17.1%) | loss: 1.520272 | lrm: 1.00 | mfu: 8.2% | epoch: 3 | remaining: 59694s
2026-04-22 00:20:28,855 INFO train: step 09950 (17.2%) | loss: 1.549485 | lrm: 1.00 | mfu: 8.2% | epoch: 3 | remaining: 59632s
2026-04-22 00:21:31,185 INFO train: step 10000 (17.3%) | loss: 1.523520 | lrm: 1.00 | mfu: 8.3% | epoch: 3 | remaining: 59570s
2026-04-22 00:22:33,371 INFO train: step 10050 (17.3%) | loss: 1.520452 | lrm: 1.00 | mfu: 8.2% | epoch: 3 | remaining: 59508s
2026-04-22 00:23:35,556 INFO train: step 10100 (17.4%) | loss: 1.512191 | lrm: 1.00 | mfu: 8.2% | epoch: 3 | remaining: 59446s
2026-04-22 00:24:37,741 INFO train: step 10150 (17.5%) | loss: 1.523487 | lrm: 1.00 | mfu: 8.2% | epoch: 4 | remaining: 59384s
2026-04-22 00:25:39,925 INFO train: step 10200 (17.6%) | loss: 1.529235 | lrm: 1.00 | mfu: 8.2% | epoch: 4 | remaining: 59321s
2026-04-22 00:26:42,105 INFO train: step 10250 (17.7%) | loss: 1.542349 | lrm: 1.00 | mfu: 8.2% | epoch: 4 | remaining: 59259s
2026-04-22 00:27:44,293 INFO train: step 10300 (17.8%) | loss: 1.535670 | lrm: 1.00 | mfu: 8.2% | epoch: 4 | remaining: 59197s
2026-04-22 00:28:46,473 INFO train: step 10350 (17.9%) | loss: 1.544912 | lrm: 1.00 | mfu: 8.2% | epoch: 4 | remaining: 59135s
2026-04-22 00:29:48,657 INFO train: step 10400 (18.0%) | loss: 1.525348 | lrm: 1.00 | mfu: 8.2% | epoch: 4 | remaining: 59073s
2026-04-22 00:30:50,841 INFO train: step 10450 (18.0%) | loss: 1.518600 | lrm: 1.00 | mfu: 8.2% | epoch: 4 | remaining: 59011s
2026-04-22 00:31:53,023 INFO train: step 10500 (18.1%) | loss: 1.515008 | lrm: 1.00 | mfu: 8.2% | epoch: 4 | remaining: 58948s
2026-04-22 00:32:55,211 INFO train: step 10550 (18.2%) | loss: 1.533773 | lrm: 1.00 | mfu: 8.2% | epoch: 4 | remaining: 58886s
2026-04-22 00:33:57,390 INFO train: step 10600 (18.3%) | loss: 1.531014 | lrm: 1.00 | mfu: 8.2% | epoch: 4 | remaining: 58824s
2026-04-22 00:34:59,572 INFO train: step 10650 (18.4%) | loss: 1.531415 | lrm: 1.00 | mfu: 8.2% | epoch: 4 | remaining: 58762s
2026-04-22 00:36:01,749 INFO train: step 10700 (18.5%) | loss: 1.525872 | lrm: 1.00 | mfu: 8.2% | epoch: 4 | remaining: 58700s
2026-04-22 00:37:03,928 INFO train: step 10750 (18.6%) | loss: 1.546124 | lrm: 1.00 | mfu: 8.2% | epoch: 4 | remaining: 58637s
2026-04-22 00:38:06,111 INFO train: step 10800 (18.6%) | loss: 1.535333 | lrm: 1.00 | mfu: 8.2% | epoch: 4 | remaining: 58575s
2026-04-22 00:39:08,291 INFO train: step 10850 (18.7%) | loss: 1.523448 | lrm: 1.00 | mfu: 8.2% | epoch: 4 | remaining: 58513s
2026-04-22 00:40:10,468 INFO train: step 10900 (18.8%) | loss: 1.518867 | lrm: 1.00 | mfu: 8.2% | epoch: 4 | remaining: 58451s
2026-04-22 00:41:12,644 INFO train: step 10950 (18.9%) | loss: 1.509710 | lrm: 1.00 | mfu: 8.2% | epoch: 4 | remaining: 58389s
2026-04-22 00:42:14,824 INFO train: step 11000 (19.0%) | loss: 1.510380 | lrm: 1.00 | mfu: 8.2% | epoch: 4 | remaining: 58327s
2026-04-22 00:43:17,005 INFO train: step 11050 (19.1%) | loss: 1.495225 | lrm: 1.00 | mfu: 8.2% | epoch: 4 | remaining: 58264s
2026-04-22 00:44:19,180 INFO train: step 11100 (19.2%) | loss: 1.515499 | lrm: 1.00 | mfu: 8.3% | epoch: 4 | remaining: 58202s
2026-04-22 00:45:21,361 INFO train: step 11150 (19.2%) | loss: 1.516917 | lrm: 1.00 | mfu: 8.2% | epoch: 4 | remaining: 58140s
2026-04-22 00:46:23,536 INFO train: step 11200 (19.3%) | loss: 1.513393 | lrm: 1.00 | mfu: 8.3% | epoch: 4 | remaining: 58078s
2026-04-22 00:47:25,721 INFO train: step 11250 (19.4%) | loss: 1.517808 | lrm: 1.00 | mfu: 8.2% | epoch: 4 | remaining: 58016s
2026-04-22 00:48:27,905 INFO train: step 11300 (19.5%) | loss: 1.537965 | lrm: 1.00 | mfu: 8.2% | epoch: 4 | remaining: 57954s
2026-04-22 00:49:30,081 INFO train: step 11350 (19.6%) | loss: 1.525138 | lrm: 1.00 | mfu: 8.3% | epoch: 4 | remaining: 57891s
2026-04-22 00:50:32,256 INFO train: step 11400 (19.7%) | loss: 1.496094 | lrm: 1.00 | mfu: 8.3% | epoch: 4 | remaining: 57829s
2026-04-22 00:51:34,432 INFO train: step 11450 (19.8%) | loss: 1.486830 | lrm: 1.00 | mfu: 8.2% | epoch: 4 | remaining: 57767s
2026-04-22 00:52:36,606 INFO train: step 11500 (19.9%) | loss: 1.505179 | lrm: 1.00 | mfu: 8.2% | epoch: 4 | remaining: 57705s
2026-04-22 00:53:38,783 INFO train: step 11550 (19.9%) | loss: 1.509027 | lrm: 1.00 | mfu: 8.2% | epoch: 4 | remaining: 57643s
2026-04-22 00:54:40,962 INFO train: step 11600 (20.0%) | loss: 1.515642 | lrm: 1.00 | mfu: 8.2% | epoch: 4 | remaining: 57581s
2026-04-22 00:55:43,131 INFO train: step 11650 (20.1%) | loss: 1.515401 | lrm: 1.00 | mfu: 8.2% | epoch: 4 | remaining: 57518s
2026-04-22 00:56:45,305 INFO train: step 11700 (20.2%) | loss: 1.533429 | lrm: 1.00 | mfu: 8.2% | epoch: 4 | remaining: 57456s
2026-04-22 00:57:47,479 INFO train: step 11750 (20.3%) | loss: 1.507059 | lrm: 1.00 | mfu: 8.3% | epoch: 4 | remaining: 57394s
2026-04-22 00:58:49,651 INFO train: step 11800 (20.4%) | loss: 1.518856 | lrm: 1.00 | mfu: 8.2% | epoch: 4 | remaining: 57332s
2026-04-22 00:59:51,829 INFO train: step 11850 (20.5%) | loss: 1.504417 | lrm: 1.00 | mfu: 8.2% | epoch: 4 | remaining: 57270s
2026-04-22 01:00:54,003 INFO train: step 11900 (20.5%) | loss: 1.533882 | lrm: 1.00 | mfu: 8.2% | epoch: 4 | remaining: 57208s
2026-04-22 01:01:56,184 INFO train: step 11950 (20.6%) | loss: 1.530030 | lrm: 1.00 | mfu: 8.2% | epoch: 4 | remaining: 57145s
2026-04-22 01:02:58,362 INFO train: step 12000 (20.7%) | loss: 1.540747 | lrm: 1.00 | mfu: 8.2% | epoch: 4 | remaining: 57083s
2026-04-22 01:04:00,541 INFO train: step 12050 (20.8%) | loss: 1.505987 | lrm: 1.00 | mfu: 8.2% | epoch: 4 | remaining: 57021s
2026-04-22 01:05:02,719 INFO train: step 12100 (20.9%) | loss: 1.510307 | lrm: 1.00 | mfu: 8.2% | epoch: 4 | remaining: 56959s
2026-04-22 01:06:04,893 INFO train: step 12150 (21.0%) | loss: 1.512170 | lrm: 1.00 | mfu: 8.2% | epoch: 4 | remaining: 56897s
2026-04-22 01:07:07,075 INFO train: step 12200 (21.1%) | loss: 1.518134 | lrm: 1.00 | mfu: 8.2% | epoch: 4 | remaining: 56835s
2026-04-22 01:08:09,253 INFO train: step 12250 (21.1%) | loss: 1.510342 | lrm: 1.00 | mfu: 8.2% | epoch: 4 | remaining: 56772s
2026-04-22 01:09:11,435 INFO train: step 12300 (21.2%) | loss: 1.518397 | lrm: 1.00 | mfu: 8.2% | epoch: 4 | remaining: 56710s
2026-04-22 01:10:13,619 INFO train: step 12350 (21.3%) | loss: 1.515305 | lrm: 1.00 | mfu: 8.2% | epoch: 4 | remaining: 56648s
2026-04-22 01:11:15,797 INFO train: step 12400 (21.4%) | loss: 1.502862 | lrm: 1.00 | mfu: 8.2% | epoch: 4 | remaining: 56586s
2026-04-22 01:12:17,972 INFO train: step 12450 (21.5%) | loss: 1.514370 | lrm: 1.00 | mfu: 8.2% | epoch: 4 | remaining: 56524s
2026-04-22 01:13:20,152 INFO train: step 12500 (21.6%) | loss: 1.514444 | lrm: 1.00 | mfu: 8.2% | epoch: 4 | remaining: 56461s
2026-04-22 01:14:22,323 INFO train: step 12550 (21.7%) | loss: 1.497579 | lrm: 1.00 | mfu: 8.2% | epoch: 4 | remaining: 56399s
2026-04-22 01:15:24,495 INFO train: step 12600 (21.8%) | loss: 1.498520 | lrm: 1.00 | mfu: 8.2% | epoch: 4 | remaining: 56337s
2026-04-22 01:16:26,668 INFO train: step 12650 (21.8%) | loss: 1.501187 | lrm: 1.00 | mfu: 8.3% | epoch: 4 | remaining: 56275s
2026-04-22 01:17:28,844 INFO train: step 12700 (21.9%) | loss: 1.528828 | lrm: 1.00 | mfu: 8.2% | epoch: 4 | remaining: 56213s
2026-04-22 01:18:31,022 INFO train: step 12750 (22.0%) | loss: 1.506073 | lrm: 1.00 | mfu: 8.2% | epoch: 4 | remaining: 56151s
2026-04-22 01:19:33,192 INFO train: step 12800 (22.1%) | loss: 1.491134 | lrm: 1.00 | mfu: 8.2% | epoch: 4 | remaining: 56088s
2026-04-22 01:20:35,368 INFO train: step 12850 (22.2%) | loss: 1.522334 | lrm: 1.00 | mfu: 8.2% | epoch: 4 | remaining: 56026s
2026-04-22 01:21:37,546 INFO train: step 12900 (22.3%) | loss: 1.498259 | lrm: 1.00 | mfu: 8.2% | epoch: 4 | remaining: 55964s
2026-04-22 01:22:39,718 INFO train: step 12950 (22.4%) | loss: 1.488515 | lrm: 1.00 | mfu: 8.2% | epoch: 4 | remaining: 55902s
2026-04-22 01:23:41,894 INFO train: step 13000 (22.4%) | loss: 1.489589 | lrm: 1.00 | mfu: 8.2% | epoch: 4 | remaining: 55840s
2026-04-22 01:24:44,070 INFO train: step 13050 (22.5%) | loss: 1.513649 | lrm: 1.00 | mfu: 8.3% | epoch: 4 | remaining: 55778s
2026-04-22 01:25:46,245 INFO train: step 13100 (22.6%) | loss: 1.535664 | lrm: 1.00 | mfu: 8.3% | epoch: 4 | remaining: 55715s
2026-04-22 01:26:48,407 INFO train: step 13150 (22.7%) | loss: 1.505017 | lrm: 1.00 | mfu: 8.2% | epoch: 4 | remaining: 55653s
2026-04-22 01:27:50,579 INFO train: step 13200 (22.8%) | loss: 1.519430 | lrm: 1.00 | mfu: 8.2% | epoch: 4 | remaining: 55591s
2026-04-22 01:28:52,753 INFO train: step 13250 (22.9%) | loss: 1.518735 | lrm: 1.00 | mfu: 8.2% | epoch: 4 | remaining: 55529s
2026-04-22 01:29:54,921 INFO train: step 13300 (23.0%) | loss: 1.511742 | lrm: 1.00 | mfu: 8.2% | epoch: 4 | remaining: 55467s
2026-04-22 01:30:57,092 INFO train: step 13350 (23.0%) | loss: 1.516578 | lrm: 1.00 | mfu: 8.2% | epoch: 4 | remaining: 55405s
2026-04-22 01:31:59,261 INFO train: step 13400 (23.1%) | loss: 1.517053 | lrm: 1.00 | mfu: 8.2% | epoch: 4 | remaining: 55342s
2026-04-22 01:33:01,433 INFO train: step 13450 (23.2%) | loss: 1.518471 | lrm: 1.00 | mfu: 8.2% | epoch: 4 | remaining: 55280s
2026-04-22 01:34:03,606 INFO train: step 13500 (23.3%) | loss: 1.505814 | lrm: 1.00 | mfu: 8.3% | epoch: 5 | remaining: 55218s
2026-04-22 01:35:05,777 INFO train: step 13550 (23.4%) | loss: 1.510761 | lrm: 1.00 | mfu: 8.2% | epoch: 5 | remaining: 55156s
2026-04-22 01:36:07,953 INFO train: step 13600 (23.5%) | loss: 1.520442 | lrm: 1.00 | mfu: 8.2% | epoch: 5 | remaining: 55094s
2026-04-22 01:37:10,130 INFO train: step 13650 (23.6%) | loss: 1.496687 | lrm: 1.00 | mfu: 8.2% | epoch: 5 | remaining: 55032s
2026-04-22 01:38:12,310 INFO train: step 13700 (23.7%) | loss: 1.505129 | lrm: 1.00 | mfu: 8.2% | epoch: 5 | remaining: 54969s
2026-04-22 01:39:14,490 INFO train: step 13750 (23.7%) | loss: 1.520097 | lrm: 1.00 | mfu: 8.2% | epoch: 5 | remaining: 54907s
2026-04-22 01:40:16,671 INFO train: step 13800 (23.8%) | loss: 1.515295 | lrm: 1.00 | mfu: 8.2% | epoch: 5 | remaining: 54845s
2026-04-22 01:41:18,863 INFO train: step 13850 (23.9%) | loss: 1.514170 | lrm: 1.00 | mfu: 8.2% | epoch: 5 | remaining: 54783s
2026-04-22 01:42:21,048 INFO train: step 13900 (24.0%) | loss: 1.492661 | lrm: 1.00 | mfu: 8.2% | epoch: 5 | remaining: 54721s
2026-04-22 01:43:23,237 INFO train: step 13950 (24.1%) | loss: 1.520256 | lrm: 1.00 | mfu: 8.2% | epoch: 5 | remaining: 54659s
2026-04-22 01:44:25,427 INFO train: step 14000 (24.2%) | loss: 1.521312 | lrm: 1.00 | mfu: 8.2% | epoch: 5 | remaining: 54596s
2026-04-22 01:45:27,618 INFO train: step 14050 (24.3%) | loss: 1.524564 | lrm: 1.00 | mfu: 8.2% | epoch: 5 | remaining: 54534s
2026-04-22 01:46:29,810 INFO train: step 14100 (24.3%) | loss: 1.512785 | lrm: 1.00 | mfu: 8.2% | epoch: 5 | remaining: 54472s
2026-04-22 01:47:32,001 INFO train: step 14150 (24.4%) | loss: 1.509553 | lrm: 1.00 | mfu: 8.2% | epoch: 5 | remaining: 54410s
2026-04-22 01:48:34,189 INFO train: step 14200 (24.5%) | loss: 1.502925 | lrm: 1.00 | mfu: 8.2% | epoch: 5 | remaining: 54348s
2026-04-22 01:49:36,377 INFO train: step 14250 (24.6%) | loss: 1.517740 | lrm: 1.00 | mfu: 8.2% | epoch: 5 | remaining: 54285s
2026-04-22 01:50:38,566 INFO train: step 14300 (24.7%) | loss: 1.515834 | lrm: 1.00 | mfu: 8.2% | epoch: 5 | remaining: 54223s
2026-04-22 01:51:40,750 INFO train: step 14350 (24.8%) | loss: 1.507055 | lrm: 1.00 | mfu: 8.2% | epoch: 5 | remaining: 54161s
2026-04-22 01:52:42,929 INFO train: step 14400 (24.9%) | loss: 1.496444 | lrm: 1.00 | mfu: 8.2% | epoch: 5 | remaining: 54099s
2026-04-22 01:53:45,106 INFO train: step 14450 (24.9%) | loss: 1.495150 | lrm: 1.00 | mfu: 8.2% | epoch: 5 | remaining: 54037s
2026-04-22 01:54:47,286 INFO train: step 14500 (25.0%) | loss: 1.503415 | lrm: 1.00 | mfu: 8.2% | epoch: 5 | remaining: 53975s
2026-04-22 01:55:49,461 INFO train: step 14550 (25.1%) | loss: 1.510472 | lrm: 1.00 | mfu: 8.3% | epoch: 5 | remaining: 53912s
2026-04-22 01:56:51,637 INFO train: step 14600 (25.2%) | loss: 1.508736 | lrm: 1.00 | mfu: 8.3% | epoch: 5 | remaining: 53850s
2026-04-22 01:57:53,821 INFO train: step 14650 (25.3%) | loss: 1.489756 | lrm: 1.00 | mfu: 8.2% | epoch: 5 | remaining: 53788s
2026-04-22 01:58:56,004 INFO train: step 14700 (25.4%) | loss: 1.493363 | lrm: 1.00 | mfu: 8.2% | epoch: 5 | remaining: 53726s
2026-04-22 01:59:58,183 INFO train: step 14750 (25.5%) | loss: 1.496756 | lrm: 1.00 | mfu: 8.2% | epoch: 5 | remaining: 53664s
2026-04-22 02:01:00,364 INFO train: step 14800 (25.6%) | loss: 1.501226 | lrm: 1.00 | mfu: 8.2% | epoch: 5 | remaining: 53602s
2026-04-22 02:02:02,544 INFO train: step 14850 (25.6%) | loss: 1.508646 | lrm: 1.00 | mfu: 8.2% | epoch: 5 | remaining: 53539s
2026-04-22 02:03:04,724 INFO train: step 14900 (25.7%) | loss: 1.505648 | lrm: 1.00 | mfu: 8.2% | epoch: 5 | remaining: 53477s
2026-04-22 02:04:06,902 INFO train: step 14950 (25.8%) | loss: 1.488425 | lrm: 1.00 | mfu: 8.2% | epoch: 5 | remaining: 53415s
2026-04-22 02:05:09,291 INFO train: step 15000 (25.9%) | loss: 1.505716 | lrm: 1.00 | mfu: 8.3% | epoch: 5 | remaining: 53353s
2026-04-22 02:06:11,480 INFO train: step 15050 (26.0%) | loss: 1.518513 | lrm: 1.00 | mfu: 8.2% | epoch: 5 | remaining: 53291s
2026-04-22 02:07:13,664 INFO train: step 15100 (26.1%) | loss: 1.506686 | lrm: 1.00 | mfu: 8.2% | epoch: 5 | remaining: 53229s
2026-04-22 02:08:15,844 INFO train: step 15150 (26.2%) | loss: 1.488424 | lrm: 1.00 | mfu: 8.2% | epoch: 5 | remaining: 53166s
2026-04-22 02:09:18,028 INFO train: step 15200 (26.2%) | loss: 1.493341 | lrm: 1.00 | mfu: 8.2% | epoch: 5 | remaining: 53104s
2026-04-22 02:10:20,215 INFO train: step 15250 (26.3%) | loss: 1.506519 | lrm: 1.00 | mfu: 8.2% | epoch: 5 | remaining: 53042s
2026-04-22 02:11:22,401 INFO train: step 15300 (26.4%) | loss: 1.525776 | lrm: 1.00 | mfu: 8.2% | epoch: 5 | remaining: 52980s
2026-04-22 02:12:24,587 INFO train: step 15350 (26.5%) | loss: 1.516841 | lrm: 1.00 | mfu: 8.2% | epoch: 5 | remaining: 52918s
2026-04-22 02:13:26,766 INFO train: step 15400 (26.6%) | loss: 1.496947 | lrm: 1.00 | mfu: 8.2% | epoch: 5 | remaining: 52855s
2026-04-22 02:14:28,946 INFO train: step 15450 (26.7%) | loss: 1.496944 | lrm: 1.00 | mfu: 8.2% | epoch: 5 | remaining: 52793s
2026-04-22 02:15:31,122 INFO train: step 15500 (26.8%) | loss: 1.497879 | lrm: 1.00 | mfu: 8.2% | epoch: 5 | remaining: 52731s
2026-04-22 02:16:33,303 INFO train: step 15550 (26.8%) | loss: 1.495709 | lrm: 1.00 | mfu: 8.2% | epoch: 5 | remaining: 52669s
2026-04-22 02:17:35,483 INFO train: step 15600 (26.9%) | loss: 1.491881 | lrm: 1.00 | mfu: 8.2% | epoch: 5 | remaining: 52607s
2026-04-22 02:18:37,667 INFO train: step 15650 (27.0%) | loss: 1.493841 | lrm: 1.00 | mfu: 8.2% | epoch: 5 | remaining: 52545s
2026-04-22 02:19:39,847 INFO train: step 15700 (27.1%) | loss: 1.509544 | lrm: 1.00 | mfu: 8.2% | epoch: 5 | remaining: 52482s
2026-04-22 02:20:42,022 INFO train: step 15750 (27.2%) | loss: 1.504274 | lrm: 1.00 | mfu: 8.2% | epoch: 5 | remaining: 52420s
2026-04-22 02:21:44,203 INFO train: step 15800 (27.3%) | loss: 1.493898 | lrm: 1.00 | mfu: 8.2% | epoch: 5 | remaining: 52358s
2026-04-22 02:22:46,384 INFO train: step 15850 (27.4%) | loss: 1.496612 | lrm: 1.00 | mfu: 8.2% | epoch: 5 | remaining: 52296s
2026-04-22 02:23:48,564 INFO train: step 15900 (27.5%) | loss: 1.487159 | lrm: 1.00 | mfu: 8.2% | epoch: 5 | remaining: 52234s
2026-04-22 02:24:50,748 INFO train: step 15950 (27.5%) | loss: 1.481696 | lrm: 1.00 | mfu: 8.2% | epoch: 5 | remaining: 52172s
2026-04-22 02:25:52,929 INFO train: step 16000 (27.6%) | loss: 1.506591 | lrm: 1.00 | mfu: 8.2% | epoch: 5 | remaining: 52109s
2026-04-22 02:26:55,109 INFO train: step 16050 (27.7%) | loss: 1.510323 | lrm: 1.00 | mfu: 8.2% | epoch: 5 | remaining: 52047s
2026-04-22 02:27:57,288 INFO train: step 16100 (27.8%) | loss: 1.494421 | lrm: 1.00 | mfu: 8.2% | epoch: 5 | remaining: 51985s
2026-04-22 02:28:59,470 INFO train: step 16150 (27.9%) | loss: 1.480580 | lrm: 1.00 | mfu: 8.2% | epoch: 5 | remaining: 51923s
2026-04-22 02:30:01,649 INFO train: step 16200 (28.0%) | loss: 1.489500 | lrm: 1.00 | mfu: 8.2% | epoch: 5 | remaining: 51861s
2026-04-22 02:31:03,827 INFO train: step 16250 (28.1%) | loss: 1.490024 | lrm: 1.00 | mfu: 8.2% | epoch: 5 | remaining: 51799s
2026-04-22 02:32:06,005 INFO train: step 16300 (28.1%) | loss: 1.515901 | lrm: 1.00 | mfu: 8.2% | epoch: 5 | remaining: 51736s
2026-04-22 02:33:08,183 INFO train: step 16350 (28.2%) | loss: 1.502363 | lrm: 1.00 | mfu: 8.2% | epoch: 5 | remaining: 51674s
2026-04-22 02:34:10,364 INFO train: step 16400 (28.3%) | loss: 1.510765 | lrm: 1.00 | mfu: 8.2% | epoch: 5 | remaining: 51612s
2026-04-22 02:35:12,546 INFO train: step 16450 (28.4%) | loss: 1.505079 | lrm: 1.00 | mfu: 8.2% | epoch: 5 | remaining: 51550s
2026-04-22 02:36:14,728 INFO train: step 16500 (28.5%) | loss: 1.495655 | lrm: 1.00 | mfu: 8.2% | epoch: 5 | remaining: 51488s
2026-04-22 02:37:16,906 INFO train: step 16550 (28.6%) | loss: 1.511407 | lrm: 1.00 | mfu: 8.2% | epoch: 5 | remaining: 51425s
2026-04-22 02:38:19,085 INFO train: step 16600 (28.7%) | loss: 1.503492 | lrm: 1.00 | mfu: 8.3% | epoch: 5 | remaining: 51363s
2026-04-22 02:39:21,263 INFO train: step 16650 (28.7%) | loss: 1.501887 | lrm: 1.00 | mfu: 8.3% | epoch: 5 | remaining: 51301s
2026-04-22 02:40:23,445 INFO train: step 16700 (28.8%) | loss: 1.524328 | lrm: 1.00 | mfu: 8.2% | epoch: 5 | remaining: 51239s
2026-04-22 02:41:25,625 INFO train: step 16750 (28.9%) | loss: 1.523878 | lrm: 1.00 | mfu: 8.2% | epoch: 5 | remaining: 51177s
2026-04-22 02:42:27,797 INFO train: step 16800 (29.0%) | loss: 1.526823 | lrm: 1.00 | mfu: 8.2% | epoch: 5 | remaining: 51115s
2026-04-22 02:43:29,978 INFO train: step 16850 (29.1%) | loss: 1.486518 | lrm: 1.00 | mfu: 8.2% | epoch: 5 | remaining: 51052s
2026-04-22 02:44:32,152 INFO train: step 16900 (29.2%) | loss: 1.487943 | lrm: 1.00 | mfu: 8.2% | epoch: 6 | remaining: 50990s
2026-04-22 02:45:34,332 INFO train: step 16950 (29.3%) | loss: 1.489719 | lrm: 1.00 | mfu: 8.2% | epoch: 6 | remaining: 50928s
2026-04-22 02:46:36,509 INFO train: step 17000 (29.4%) | loss: 1.518048 | lrm: 1.00 | mfu: 8.2% | epoch: 6 | remaining: 50866s
2026-04-22 02:47:38,681 INFO train: step 17050 (29.4%) | loss: 1.513528 | lrm: 1.00 | mfu: 8.2% | epoch: 6 | remaining: 50804s
2026-04-22 02:48:40,858 INFO train: step 17100 (29.5%) | loss: 1.508298 | lrm: 1.00 | mfu: 8.2% | epoch: 6 | remaining: 50742s
2026-04-22 02:49:43,037 INFO train: step 17150 (29.6%) | loss: 1.497535 | lrm: 1.00 | mfu: 8.2% | epoch: 6 | remaining: 50679s
2026-04-22 02:50:45,211 INFO train: step 17200 (29.7%) | loss: 1.516032 | lrm: 1.00 | mfu: 8.2% | epoch: 6 | remaining: 50617s
2026-04-22 02:51:47,383 INFO train: step 17250 (29.8%) | loss: 1.475158 | lrm: 1.00 | mfu: 8.3% | epoch: 6 | remaining: 50555s
2026-04-22 02:52:49,551 INFO train: step 17300 (29.9%) | loss: 1.512738 | lrm: 1.00 | mfu: 8.2% | epoch: 6 | remaining: 50493s
2026-04-22 02:53:51,723 INFO train: step 17350 (30.0%) | loss: 1.500747 | lrm: 1.00 | mfu: 8.2% | epoch: 6 | remaining: 50431s
2026-04-22 02:54:53,896 INFO train: step 17400 (30.0%) | loss: 1.475510 | lrm: 1.00 | mfu: 8.2% | epoch: 6 | remaining: 50369s
2026-04-22 02:55:56,067 INFO train: step 17450 (30.1%) | loss: 1.507367 | lrm: 1.00 | mfu: 8.2% | epoch: 6 | remaining: 50306s
2026-04-22 02:56:58,242 INFO train: step 17500 (30.2%) | loss: 1.488567 | lrm: 1.00 | mfu: 8.2% | epoch: 6 | remaining: 50244s
2026-04-22 02:58:00,409 INFO train: step 17550 (30.3%) | loss: 1.478571 | lrm: 1.00 | mfu: 8.2% | epoch: 6 | remaining: 50182s
2026-04-22 02:59:02,576 INFO train: step 17600 (30.4%) | loss: 1.484194 | lrm: 0.99 | mfu: 8.2% | epoch: 6 | remaining: 50120s
2026-04-22 03:00:04,745 INFO train: step 17650 (30.5%) | loss: 1.482214 | lrm: 0.99 | mfu: 8.2% | epoch: 6 | remaining: 50058s
2026-04-22 03:01:06,911 INFO train: step 17700 (30.6%) | loss: 1.513115 | lrm: 0.99 | mfu: 8.2% | epoch: 6 | remaining: 49996s
2026-04-22 03:02:09,083 INFO train: step 17750 (30.6%) | loss: 1.494076 | lrm: 0.99 | mfu: 8.2% | epoch: 6 | remaining: 49933s
2026-04-22 03:03:11,256 INFO train: step 17800 (30.7%) | loss: 1.492222 | lrm: 0.99 | mfu: 8.2% | epoch: 6 | remaining: 49871s
2026-04-22 03:04:13,419 INFO train: step 17850 (30.8%) | loss: 1.502288 | lrm: 0.99 | mfu: 8.2% | epoch: 6 | remaining: 49809s
2026-04-22 03:05:15,582 INFO train: step 17900 (30.9%) | loss: 1.515055 | lrm: 0.99 | mfu: 8.2% | epoch: 6 | remaining: 49747s
2026-04-22 03:06:17,738 INFO train: step 17950 (31.0%) | loss: 1.521932 | lrm: 0.99 | mfu: 8.2% | epoch: 6 | remaining: 49685s
2026-04-22 03:07:19,902 INFO train: step 18000 (31.1%) | loss: 1.504929 | lrm: 0.98 | mfu: 8.3% | epoch: 6 | remaining: 49623s
2026-04-22 03:08:22,071 INFO train: step 18050 (31.2%) | loss: 1.487898 | lrm: 0.98 | mfu: 8.3% | epoch: 6 | remaining: 49561s
2026-04-22 03:09:24,233 INFO train: step 18100 (31.3%) | loss: 1.513254 | lrm: 0.98 | mfu: 8.3% | epoch: 6 | remaining: 49498s
2026-04-22 03:10:26,408 INFO train: step 18150 (31.3%) | loss: 1.504372 | lrm: 0.98 | mfu: 8.2% | epoch: 6 | remaining: 49436s
2026-04-22 03:11:28,579 INFO train: step 18200 (31.4%) | loss: 1.500670 | lrm: 0.98 | mfu: 8.2% | epoch: 6 | remaining: 49374s
2026-04-22 03:12:30,760 INFO train: step 18250 (31.5%) | loss: 1.511566 | lrm: 0.98 | mfu: 8.2% | epoch: 6 | remaining: 49312s
2026-04-22 03:13:32,936 INFO train: step 18300 (31.6%) | loss: 1.479856 | lrm: 0.98 | mfu: 8.2% | epoch: 6 | remaining: 49250s
2026-04-22 03:14:35,113 INFO train: step 18350 (31.7%) | loss: 1.500646 | lrm: 0.98 | mfu: 8.2% | epoch: 6 | remaining: 49188s
2026-04-22 03:15:37,290 INFO train: step 18400 (31.8%) | loss: 1.502166 | lrm: 0.97 | mfu: 8.2% | epoch: 6 | remaining: 49125s
2026-04-22 03:16:39,471 INFO train: step 18450 (31.9%) | loss: 1.467845 | lrm: 0.97 | mfu: 8.3% | epoch: 6 | remaining: 49063s
2026-04-22 03:17:41,634 INFO train: step 18500 (31.9%) | loss: 1.483924 | lrm: 0.97 | mfu: 8.2% | epoch: 6 | remaining: 49001s
2026-04-22 03:18:43,796 INFO train: step 18550 (32.0%) | loss: 1.485669 | lrm: 0.97 | mfu: 8.2% | epoch: 6 | remaining: 48939s
2026-04-22 03:19:45,950 INFO train: step 18600 (32.1%) | loss: 1.493726 | lrm: 0.97 | mfu: 8.2% | epoch: 6 | remaining: 48877s
2026-04-22 03:20:48,107 INFO train: step 18650 (32.2%) | loss: 1.508438 | lrm: 0.97 | mfu: 8.2% | epoch: 6 | remaining: 48815s
2026-04-22 03:21:50,257 INFO train: step 18700 (32.3%) | loss: 1.490922 | lrm: 0.97 | mfu: 8.2% | epoch: 6 | remaining: 48752s
2026-04-22 03:22:52,414 INFO train: step 18750 (32.4%) | loss: 1.481929 | lrm: 0.97 | mfu: 8.2% | epoch: 6 | remaining: 48690s
2026-04-22 03:23:54,568 INFO train: step 18800 (32.5%) | loss: 1.482431 | lrm: 0.96 | mfu: 8.2% | epoch: 6 | remaining: 48628s
2026-04-22 03:24:56,729 INFO train: step 18850 (32.5%) | loss: 1.479662 | lrm: 0.96 | mfu: 8.2% | epoch: 6 | remaining: 48566s
2026-04-22 03:25:58,887 INFO train: step 18900 (32.6%) | loss: 1.502319 | lrm: 0.96 | mfu: 8.2% | epoch: 6 | remaining: 48504s
2026-04-22 03:27:01,039 INFO train: step 18950 (32.7%) | loss: 1.504808 | lrm: 0.96 | mfu: 8.2% | epoch: 6 | remaining: 48442s
2026-04-22 03:28:03,189 INFO train: step 19000 (32.8%) | loss: 1.460494 | lrm: 0.96 | mfu: 8.3% | epoch: 6 | remaining: 48380s
2026-04-22 03:29:05,345 INFO train: step 19050 (32.9%) | loss: 1.485685 | lrm: 0.96 | mfu: 8.2% | epoch: 6 | remaining: 48317s
2026-04-22 03:30:07,494 INFO train: step 19100 (33.0%) | loss: 1.498215 | lrm: 0.96 | mfu: 8.3% | epoch: 6 | remaining: 48255s
2026-04-22 03:31:09,646 INFO train: step 19150 (33.1%) | loss: 1.487371 | lrm: 0.96 | mfu: 8.3% | epoch: 6 | remaining: 48193s
2026-04-22 03:32:11,795 INFO train: step 19200 (33.1%) | loss: 1.490761 | lrm: 0.96 | mfu: 8.3% | epoch: 6 | remaining: 48131s
2026-04-22 03:33:13,942 INFO train: step 19250 (33.2%) | loss: 1.478945 | lrm: 0.95 | mfu: 8.2% | epoch: 6 | remaining: 48069s
2026-04-22 03:34:16,091 INFO train: step 19300 (33.3%) | loss: 1.482818 | lrm: 0.95 | mfu: 8.2% | epoch: 6 | remaining: 48007s
2026-04-22 03:35:18,228 INFO train: step 19350 (33.4%) | loss: 1.477944 | lrm: 0.95 | mfu: 8.3% | epoch: 6 | remaining: 47945s
2026-04-22 03:36:20,378 INFO train: step 19400 (33.5%) | loss: 1.502714 | lrm: 0.95 | mfu: 8.2% | epoch: 6 | remaining: 47882s
2026-04-22 03:37:22,550 INFO train: step 19450 (33.6%) | loss: 1.480569 | lrm: 0.95 | mfu: 8.2% | epoch: 6 | remaining: 47820s
2026-04-22 03:38:24,728 INFO train: step 19500 (33.7%) | loss: 1.474144 | lrm: 0.95 | mfu: 8.2% | epoch: 6 | remaining: 47758s
2026-04-22 03:39:26,911 INFO train: step 19550 (33.8%) | loss: 1.494326 | lrm: 0.95 | mfu: 8.2% | epoch: 6 | remaining: 47696s
2026-04-22 03:40:29,090 INFO train: step 19600 (33.8%) | loss: 1.509173 | lrm: 0.95 | mfu: 8.2% | epoch: 6 | remaining: 47634s
2026-04-22 03:41:31,269 INFO train: step 19650 (33.9%) | loss: 1.490485 | lrm: 0.94 | mfu: 8.2% | epoch: 6 | remaining: 47572s
2026-04-22 03:42:33,448 INFO train: step 19700 (34.0%) | loss: 1.473672 | lrm: 0.94 | mfu: 8.2% | epoch: 6 | remaining: 47509s
2026-04-22 03:43:35,628 INFO train: step 19750 (34.1%) | loss: 1.477048 | lrm: 0.94 | mfu: 8.2% | epoch: 6 | remaining: 47447s
2026-04-22 03:44:37,804 INFO train: step 19800 (34.2%) | loss: 1.487147 | lrm: 0.94 | mfu: 8.2% | epoch: 6 | remaining: 47385s
2026-04-22 03:45:39,985 INFO train: step 19850 (34.3%) | loss: 1.495397 | lrm: 0.94 | mfu: 8.2% | epoch: 6 | remaining: 47323s
2026-04-22 03:46:42,165 INFO train: step 19900 (34.4%) | loss: 1.476226 | lrm: 0.94 | mfu: 8.2% | epoch: 6 | remaining: 47261s
2026-04-22 03:47:44,347 INFO train: step 19950 (34.4%) | loss: 1.483076 | lrm: 0.94 | mfu: 8.2% | epoch: 6 | remaining: 47198s
2026-04-22 03:48:46,794 INFO train: step 20000 (34.5%) | loss: 1.488938 | lrm: 0.94 | mfu: 8.3% | epoch: 6 | remaining: 47136s
2026-04-22 03:49:48,973 INFO train: step 20050 (34.6%) | loss: 1.475585 | lrm: 0.93 | mfu: 8.2% | epoch: 6 | remaining: 47074s
2026-04-22 03:50:51,154 INFO train: step 20100 (34.7%) | loss: 1.490439 | lrm: 0.93 | mfu: 8.2% | epoch: 6 | remaining: 47012s
2026-04-22 03:51:53,332 INFO train: step 20150 (34.8%) | loss: 1.494740 | lrm: 0.93 | mfu: 8.2% | epoch: 6 | remaining: 46950s
2026-04-22 03:52:55,514 INFO train: step 20200 (34.9%) | loss: 1.477843 | lrm: 0.93 | mfu: 8.2% | epoch: 6 | remaining: 46888s
2026-04-22 03:53:57,693 INFO train: step 20250 (35.0%) | loss: 1.477295 | lrm: 0.93 | mfu: 8.2% | epoch: 7 | remaining: 46825s
2026-04-22 03:54:59,875 INFO train: step 20300 (35.0%) | loss: 1.488125 | lrm: 0.93 | mfu: 8.2% | epoch: 7 | remaining: 46763s
2026-04-22 03:56:02,055 INFO train: step 20350 (35.1%) | loss: 1.486293 | lrm: 0.93 | mfu: 8.2% | epoch: 7 | remaining: 46701s
2026-04-22 03:57:04,246 INFO train: step 20400 (35.2%) | loss: 1.500910 | lrm: 0.93 | mfu: 8.2% | epoch: 7 | remaining: 46639s
2026-04-22 03:58:06,426 INFO train: step 20450 (35.3%) | loss: 1.465366 | lrm: 0.92 | mfu: 8.2% | epoch: 7 | remaining: 46577s
2026-04-22 03:59:08,610 INFO train: step 20500 (35.4%) | loss: 1.461841 | lrm: 0.92 | mfu: 8.2% | epoch: 7 | remaining: 46515s
2026-04-22 04:00:10,781 INFO train: step 20550 (35.5%) | loss: 1.473967 | lrm: 0.92 | mfu: 8.2% | epoch: 7 | remaining: 46452s
2026-04-22 04:01:12,956 INFO train: step 20600 (35.6%) | loss: 1.479190 | lrm: 0.92 | mfu: 8.2% | epoch: 7 | remaining: 46390s
2026-04-22 04:02:15,136 INFO train: step 20650 (35.7%) | loss: 1.454987 | lrm: 0.92 | mfu: 8.2% | epoch: 7 | remaining: 46328s
2026-04-22 04:03:17,316 INFO train: step 20700 (35.7%) | loss: 1.500028 | lrm: 0.92 | mfu: 8.2% | epoch: 7 | remaining: 46266s
2026-04-22 04:04:19,497 INFO train: step 20750 (35.8%) | loss: 1.473802 | lrm: 0.92 | mfu: 8.2% | epoch: 7 | remaining: 46204s
2026-04-22 04:05:21,678 INFO train: step 20800 (35.9%) | loss: 1.491422 | lrm: 0.92 | mfu: 8.2% | epoch: 7 | remaining: 46142s
2026-04-22 04:06:23,861 INFO train: step 20850 (36.0%) | loss: 1.468695 | lrm: 0.91 | mfu: 8.2% | epoch: 7 | remaining: 46079s
2026-04-22 04:07:26,041 INFO train: step 20900 (36.1%) | loss: 1.466862 | lrm: 0.91 | mfu: 8.2% | epoch: 7 | remaining: 46017s
2026-04-22 04:08:28,227 INFO train: step 20950 (36.2%) | loss: 1.481479 | lrm: 0.91 | mfu: 8.2% | epoch: 7 | remaining: 45955s
2026-04-22 04:09:30,409 INFO train: step 21000 (36.3%) | loss: 1.486053 | lrm: 0.91 | mfu: 8.2% | epoch: 7 | remaining: 45893s
2026-04-22 04:10:32,590 INFO train: step 21050 (36.3%) | loss: 1.491185 | lrm: 0.91 | mfu: 8.2% | epoch: 7 | remaining: 45831s
2026-04-22 04:11:34,767 INFO train: step 21100 (36.4%) | loss: 1.463607 | lrm: 0.91 | mfu: 8.3% | epoch: 7 | remaining: 45769s
2026-04-22 04:12:36,942 INFO train: step 21150 (36.5%) | loss: 1.487858 | lrm: 0.91 | mfu: 8.2% | epoch: 7 | remaining: 45706s
2026-04-22 04:13:39,113 INFO train: step 21200 (36.6%) | loss: 1.459846 | lrm: 0.91 | mfu: 8.3% | epoch: 7 | remaining: 45644s
2026-04-22 04:14:41,284 INFO train: step 21250 (36.7%) | loss: 1.474151 | lrm: 0.90 | mfu: 8.2% | epoch: 7 | remaining: 45582s
2026-04-22 04:15:43,453 INFO train: step 21300 (36.8%) | loss: 1.500294 | lrm: 0.90 | mfu: 8.2% | epoch: 7 | remaining: 45520s
2026-04-22 04:16:45,627 INFO train: step 21350 (36.9%) | loss: 1.487299 | lrm: 0.90 | mfu: 8.2% | epoch: 7 | remaining: 45458s
2026-04-22 04:17:47,794 INFO train: step 21400 (36.9%) | loss: 1.479262 | lrm: 0.90 | mfu: 8.2% | epoch: 7 | remaining: 45396s
2026-04-22 04:18:49,954 INFO train: step 21450 (37.0%) | loss: 1.481843 | lrm: 0.90 | mfu: 8.2% | epoch: 7 | remaining: 45333s
2026-04-22 04:19:52,122 INFO train: step 21500 (37.1%) | loss: 1.485435 | lrm: 0.90 | mfu: 8.2% | epoch: 7 | remaining: 45271s
2026-04-22 04:20:54,288 INFO train: step 21550 (37.2%) | loss: 1.462909 | lrm: 0.90 | mfu: 8.2% | epoch: 7 | remaining: 45209s
2026-04-22 04:21:56,458 INFO train: step 21600 (37.3%) | loss: 1.474364 | lrm: 0.90 | mfu: 8.2% | epoch: 7 | remaining: 45147s
2026-04-22 04:22:58,629 INFO train: step 21650 (37.4%) | loss: 1.472104 | lrm: 0.89 | mfu: 8.3% | epoch: 7 | remaining: 45085s
2026-04-22 04:24:00,808 INFO train: step 21700 (37.5%) | loss: 1.480302 | lrm: 0.89 | mfu: 8.2% | epoch: 7 | remaining: 45023s
2026-04-22 04:25:02,984 INFO train: step 21750 (37.6%) | loss: 1.462416 | lrm: 0.89 | mfu: 8.2% | epoch: 7 | remaining: 44960s
2026-04-22 04:26:05,161 INFO train: step 21800 (37.6%) | loss: 1.474115 | lrm: 0.89 | mfu: 8.2% | epoch: 7 | remaining: 44898s
2026-04-22 04:27:07,333 INFO train: step 21850 (37.7%) | loss: 1.473116 | lrm: 0.89 | mfu: 8.3% | epoch: 7 | remaining: 44836s
2026-04-22 04:28:09,509 INFO train: step 21900 (37.8%) | loss: 1.454109 | lrm: 0.89 | mfu: 8.2% | epoch: 7 | remaining: 44774s
2026-04-22 04:29:11,677 INFO train: step 21950 (37.9%) | loss: 1.490431 | lrm: 0.89 | mfu: 8.2% | epoch: 7 | remaining: 44712s
2026-04-22 04:30:13,853 INFO train: step 22000 (38.0%) | loss: 1.478366 | lrm: 0.89 | mfu: 8.2% | epoch: 7 | remaining: 44650s
2026-04-22 04:31:16,027 INFO train: step 22050 (38.1%) | loss: 1.441577 | lrm: 0.88 | mfu: 8.2% | epoch: 7 | remaining: 44587s
2026-04-22 04:32:18,197 INFO train: step 22100 (38.2%) | loss: 1.514202 | lrm: 0.88 | mfu: 8.2% | epoch: 7 | remaining: 44525s
2026-04-22 04:33:20,360 INFO train: step 22150 (38.2%) | loss: 1.489824 | lrm: 0.88 | mfu: 8.3% | epoch: 7 | remaining: 44463s
2026-04-22 04:34:22,521 INFO train: step 22200 (38.3%) | loss: 1.486885 | lrm: 0.88 | mfu: 8.2% | epoch: 7 | remaining: 44401s
2026-04-22 04:35:24,678 INFO train: step 22250 (38.4%) | loss: 1.478828 | lrm: 0.88 | mfu: 8.3% | epoch: 7 | remaining: 44339s
2026-04-22 04:36:26,844 INFO train: step 22300 (38.5%) | loss: 1.479075 | lrm: 0.88 | mfu: 8.2% | epoch: 7 | remaining: 44277s
2026-04-22 04:37:29,004 INFO train: step 22350 (38.6%) | loss: 1.461557 | lrm: 0.88 | mfu: 8.2% | epoch: 7 | remaining: 44214s
2026-04-22 04:38:31,168 INFO train: step 22400 (38.7%) | loss: 1.458829 | lrm: 0.88 | mfu: 8.2% | epoch: 7 | remaining: 44152s
2026-04-22 04:39:33,332 INFO train: step 22450 (38.8%) | loss: 1.456844 | lrm: 0.87 | mfu: 8.2% | epoch: 7 | remaining: 44090s
2026-04-22 04:40:35,493 INFO train: step 22500 (38.8%) | loss: 1.454472 | lrm: 0.87 | mfu: 8.3% | epoch: 7 | remaining: 44028s
2026-04-22 04:41:37,660 INFO train: step 22550 (38.9%) | loss: 1.473402 | lrm: 0.87 | mfu: 8.2% | epoch: 7 | remaining: 43966s
2026-04-22 04:42:39,826 INFO train: step 22600 (39.0%) | loss: 1.470457 | lrm: 0.87 | mfu: 8.2% | epoch: 7 | remaining: 43904s
2026-04-22 04:43:42,007 INFO train: step 22650 (39.1%) | loss: 1.461879 | lrm: 0.87 | mfu: 8.2% | epoch: 7 | remaining: 43841s
2026-04-22 04:44:44,181 INFO train: step 22700 (39.2%) | loss: 1.475312 | lrm: 0.87 | mfu: 8.2% | epoch: 7 | remaining: 43779s
2026-04-22 04:45:46,349 INFO train: step 22750 (39.3%) | loss: 1.472443 | lrm: 0.87 | mfu: 8.2% | epoch: 7 | remaining: 43717s
2026-04-22 04:46:48,525 INFO train: step 22800 (39.4%) | loss: 1.481729 | lrm: 0.87 | mfu: 8.2% | epoch: 7 | remaining: 43655s
2026-04-22 04:47:50,698 INFO train: step 22850 (39.5%) | loss: 1.496645 | lrm: 0.86 | mfu: 8.2% | epoch: 7 | remaining: 43593s
2026-04-22 04:48:52,878 INFO train: step 22900 (39.5%) | loss: 1.473919 | lrm: 0.86 | mfu: 8.2% | epoch: 7 | remaining: 43531s
2026-04-22 04:49:55,057 INFO train: step 22950 (39.6%) | loss: 1.470846 | lrm: 0.86 | mfu: 8.2% | epoch: 7 | remaining: 43468s
2026-04-22 04:50:57,223 INFO train: step 23000 (39.7%) | loss: 1.479325 | lrm: 0.86 | mfu: 8.2% | epoch: 7 | remaining: 43406s
2026-04-22 04:51:59,386 INFO train: step 23050 (39.8%) | loss: 1.456275 | lrm: 0.86 | mfu: 8.2% | epoch: 7 | remaining: 43344s
2026-04-22 04:53:01,545 INFO train: step 23100 (39.9%) | loss: 1.470262 | lrm: 0.86 | mfu: 8.2% | epoch: 7 | remaining: 43282s
2026-04-22 04:54:03,707 INFO train: step 23150 (40.0%) | loss: 1.478976 | lrm: 0.86 | mfu: 8.2% | epoch: 7 | remaining: 43220s
2026-04-22 04:55:05,860 INFO train: step 23200 (40.1%) | loss: 1.457760 | lrm: 0.86 | mfu: 8.2% | epoch: 7 | remaining: 43158s
2026-04-22 04:56:08,008 INFO train: step 23250 (40.1%) | loss: 1.462320 | lrm: 0.86 | mfu: 8.2% | epoch: 7 | remaining: 43096s
2026-04-22 04:57:10,163 INFO train: step 23300 (40.2%) | loss: 1.445721 | lrm: 0.85 | mfu: 8.2% | epoch: 7 | remaining: 43033s
2026-04-22 04:58:12,324 INFO train: step 23350 (40.3%) | loss: 1.446274 | lrm: 0.85 | mfu: 8.2% | epoch: 7 | remaining: 42971s
2026-04-22 04:59:14,474 INFO train: step 23400 (40.4%) | loss: 1.474764 | lrm: 0.85 | mfu: 8.2% | epoch: 7 | remaining: 42909s
2026-04-22 05:00:16,624 INFO train: step 23450 (40.5%) | loss: 1.447756 | lrm: 0.85 | mfu: 8.2% | epoch: 7 | remaining: 42847s
2026-04-22 05:01:18,771 INFO train: step 23500 (40.6%) | loss: 1.455170 | lrm: 0.85 | mfu: 8.2% | epoch: 7 | remaining: 42785s
2026-04-22 05:02:20,920 INFO train: step 23550 (40.7%) | loss: 1.477279 | lrm: 0.85 | mfu: 8.3% | epoch: 7 | remaining: 42723s
2026-04-22 05:03:23,064 INFO train: step 23600 (40.7%) | loss: 1.491495 | lrm: 0.85 | mfu: 8.3% | epoch: 7 | remaining: 42661s
2026-04-22 05:04:25,211 INFO train: step 23650 (40.8%) | loss: 1.492532 | lrm: 0.85 | mfu: 8.2% | epoch: 8 | remaining: 42598s
2026-04-22 05:05:27,355 INFO train: step 23700 (40.9%) | loss: 1.469845 | lrm: 0.84 | mfu: 8.2% | epoch: 8 | remaining: 42536s
2026-04-22 05:06:29,500 INFO train: step 23750 (41.0%) | loss: 1.474842 | lrm: 0.84 | mfu: 8.2% | epoch: 8 | remaining: 42474s
2026-04-22 05:07:31,647 INFO train: step 23800 (41.1%) | loss: 1.452717 | lrm: 0.84 | mfu: 8.2% | epoch: 8 | remaining: 42412s
2026-04-22 05:08:33,786 INFO train: step 23850 (41.2%) | loss: 1.465372 | lrm: 0.84 | mfu: 8.2% | epoch: 8 | remaining: 42350s
2026-04-22 05:09:35,922 INFO train: step 23900 (41.3%) | loss: 1.462319 | lrm: 0.84 | mfu: 8.3% | epoch: 8 | remaining: 42288s
2026-04-22 05:10:38,057 INFO train: step 23950 (41.4%) | loss: 1.458918 | lrm: 0.84 | mfu: 8.3% | epoch: 8 | remaining: 42226s
2026-04-22 05:11:40,190 INFO train: step 24000 (41.4%) | loss: 1.467465 | lrm: 0.84 | mfu: 8.2% | epoch: 8 | remaining: 42163s
2026-04-22 05:12:42,330 INFO train: step 24050 (41.5%) | loss: 1.466999 | lrm: 0.84 | mfu: 8.3% | epoch: 8 | remaining: 42101s
2026-04-22 05:13:44,466 INFO train: step 24100 (41.6%) | loss: 1.468307 | lrm: 0.83 | mfu: 8.3% | epoch: 8 | remaining: 42039s
2026-04-22 05:14:46,603 INFO train: step 24150 (41.7%) | loss: 1.440938 | lrm: 0.83 | mfu: 8.3% | epoch: 8 | remaining: 41977s
2026-04-22 05:15:48,737 INFO train: step 24200 (41.8%) | loss: 1.450671 | lrm: 0.83 | mfu: 8.3% | epoch: 8 | remaining: 41915s
2026-04-22 05:16:50,852 INFO train: step 24250 (41.9%) | loss: 1.443702 | lrm: 0.83 | mfu: 8.3% | epoch: 8 | remaining: 41853s
2026-04-22 05:17:52,950 INFO train: step 24300 (42.0%) | loss: 1.469333 | lrm: 0.83 | mfu: 8.3% | epoch: 8 | remaining: 41791s
2026-04-22 05:18:55,051 INFO train: step 24350 (42.0%) | loss: 1.454259 | lrm: 0.83 | mfu: 8.3% | epoch: 8 | remaining: 41729s
2026-04-22 05:19:57,154 INFO train: step 24400 (42.1%) | loss: 1.493088 | lrm: 0.83 | mfu: 8.2% | epoch: 8 | remaining: 41667s
2026-04-22 05:20:59,267 INFO train: step 24450 (42.2%) | loss: 1.464256 | lrm: 0.83 | mfu: 8.3% | epoch: 8 | remaining: 41604s
2026-04-22 05:22:01,385 INFO train: step 24500 (42.3%) | loss: 1.437035 | lrm: 0.82 | mfu: 8.3% | epoch: 8 | remaining: 41542s
2026-04-22 05:23:03,511 INFO train: step 24550 (42.4%) | loss: 1.440642 | lrm: 0.82 | mfu: 8.3% | epoch: 8 | remaining: 41480s
2026-04-22 05:24:05,640 INFO train: step 24600 (42.5%) | loss: 1.447714 | lrm: 0.82 | mfu: 8.3% | epoch: 8 | remaining: 41418s
2026-04-22 05:25:07,764 INFO train: step 24650 (42.6%) | loss: 1.457410 | lrm: 0.82 | mfu: 8.3% | epoch: 8 | remaining: 41356s
2026-04-22 05:26:09,892 INFO train: step 24700 (42.6%) | loss: 1.427279 | lrm: 0.82 | mfu: 8.2% | epoch: 8 | remaining: 41294s
2026-04-22 05:27:12,021 INFO train: step 24750 (42.7%) | loss: 1.451010 | lrm: 0.82 | mfu: 8.2% | epoch: 8 | remaining: 41232s
2026-04-22 05:28:14,142 INFO train: step 24800 (42.8%) | loss: 1.446321 | lrm: 0.82 | mfu: 8.3% | epoch: 8 | remaining: 41170s
2026-04-22 05:29:16,267 INFO train: step 24850 (42.9%) | loss: 1.451369 | lrm: 0.82 | mfu: 8.2% | epoch: 8 | remaining: 41108s
2026-04-22 05:30:18,400 INFO train: step 24900 (43.0%) | loss: 1.437513 | lrm: 0.81 | mfu: 8.2% | epoch: 8 | remaining: 41045s
2026-04-22 05:31:20,527 INFO train: step 24950 (43.1%) | loss: 1.453685 | lrm: 0.81 | mfu: 8.3% | epoch: 8 | remaining: 40983s
2026-04-22 05:32:22,987 INFO train: step 25000 (43.2%) | loss: 1.466823 | lrm: 0.81 | mfu: 8.3% | epoch: 8 | remaining: 40921s
2026-04-22 05:33:25,103 INFO train: step 25050 (43.2%) | loss: 1.449716 | lrm: 0.81 | mfu: 8.2% | epoch: 8 | remaining: 40859s
2026-04-22 05:34:27,226 INFO train: step 25100 (43.3%) | loss: 1.447842 | lrm: 0.81 | mfu: 8.3% | epoch: 8 | remaining: 40797s
2026-04-22 05:35:29,362 INFO train: step 25150 (43.4%) | loss: 1.472227 | lrm: 0.81 | mfu: 8.2% | epoch: 8 | remaining: 40735s
2026-04-22 05:36:31,489 INFO train: step 25200 (43.5%) | loss: 1.453488 | lrm: 0.81 | mfu: 8.3% | epoch: 8 | remaining: 40673s
2026-04-22 05:37:33,623 INFO train: step 25250 (43.6%) | loss: 1.450402 | lrm: 0.81 | mfu: 8.2% | epoch: 8 | remaining: 40611s
2026-04-22 05:38:35,747 INFO train: step 25300 (43.7%) | loss: 1.428824 | lrm: 0.80 | mfu: 8.3% | epoch: 8 | remaining: 40548s
2026-04-22 05:39:37,867 INFO train: step 25350 (43.8%) | loss: 1.469261 | lrm: 0.80 | mfu: 8.3% | epoch: 8 | remaining: 40486s
2026-04-22 05:40:39,991 INFO train: step 25400 (43.9%) | loss: 1.467263 | lrm: 0.80 | mfu: 8.3% | epoch: 8 | remaining: 40424s
2026-04-22 05:41:42,118 INFO train: step 25450 (43.9%) | loss: 1.443691 | lrm: 0.80 | mfu: 8.2% | epoch: 8 | remaining: 40362s
2026-04-22 05:42:44,248 INFO train: step 25500 (44.0%) | loss: 1.442559 | lrm: 0.80 | mfu: 8.3% | epoch: 8 | remaining: 40300s
2026-04-22 05:43:46,381 INFO train: step 25550 (44.1%) | loss: 1.464457 | lrm: 0.80 | mfu: 8.2% | epoch: 8 | remaining: 40238s
2026-04-22 05:44:48,507 INFO train: step 25600 (44.2%) | loss: 1.448803 | lrm: 0.80 | mfu: 8.3% | epoch: 8 | remaining: 40176s
2026-04-22 05:45:50,635 INFO train: step 25650 (44.3%) | loss: 1.469405 | lrm: 0.80 | mfu: 8.3% | epoch: 8 | remaining: 40114s
2026-04-22 05:46:52,766 INFO train: step 25700 (44.4%) | loss: 1.434282 | lrm: 0.79 | mfu: 8.2% | epoch: 8 | remaining: 40051s
2026-04-22 05:47:54,892 INFO train: step 25750 (44.5%) | loss: 1.457818 | lrm: 0.79 | mfu: 8.3% | epoch: 8 | remaining: 39989s
2026-04-22 05:48:57,013 INFO train: step 25800 (44.5%) | loss: 1.451423 | lrm: 0.79 | mfu: 8.3% | epoch: 8 | remaining: 39927s
2026-04-22 05:49:59,133 INFO train: step 25850 (44.6%) | loss: 1.435905 | lrm: 0.79 | mfu: 8.3% | epoch: 8 | remaining: 39865s
2026-04-22 05:51:01,254 INFO train: step 25900 (44.7%) | loss: 1.463973 | lrm: 0.79 | mfu: 8.2% | epoch: 8 | remaining: 39803s
2026-04-22 05:52:03,373 INFO train: step 25950 (44.8%) | loss: 1.451126 | lrm: 0.79 | mfu: 8.3% | epoch: 8 | remaining: 39741s
2026-04-22 05:53:05,495 INFO train: step 26000 (44.9%) | loss: 1.454453 | lrm: 0.79 | mfu: 8.2% | epoch: 8 | remaining: 39679s
2026-04-22 05:54:07,623 INFO train: step 26050 (45.0%) | loss: 1.442439 | lrm: 0.79 | mfu: 8.2% | epoch: 8 | remaining: 39617s
2026-04-22 05:55:09,744 INFO train: step 26100 (45.1%) | loss: 1.433658 | lrm: 0.78 | mfu: 8.3% | epoch: 8 | remaining: 39555s
2026-04-22 05:56:11,866 INFO train: step 26150 (45.1%) | loss: 1.455312 | lrm: 0.78 | mfu: 8.2% | epoch: 8 | remaining: 39492s
2026-04-22 05:57:13,983 INFO train: step 26200 (45.2%) | loss: 1.442002 | lrm: 0.78 | mfu: 8.2% | epoch: 8 | remaining: 39430s
2026-04-22 05:58:16,101 INFO train: step 26250 (45.3%) | loss: 1.445169 | lrm: 0.78 | mfu: 8.3% | epoch: 8 | remaining: 39368s
2026-04-22 05:59:18,218 INFO train: step 26300 (45.4%) | loss: 1.432957 | lrm: 0.78 | mfu: 8.2% | epoch: 8 | remaining: 39306s
2026-04-22 06:00:20,330 INFO train: step 26350 (45.5%) | loss: 1.468526 | lrm: 0.78 | mfu: 8.3% | epoch: 8 | remaining: 39244s
2026-04-22 06:01:22,444 INFO train: step 26400 (45.6%) | loss: 1.445688 | lrm: 0.78 | mfu: 8.2% | epoch: 8 | remaining: 39182s
2026-04-22 06:02:24,563 INFO train: step 26450 (45.7%) | loss: 1.451163 | lrm: 0.78 | mfu: 8.2% | epoch: 8 | remaining: 39120s
2026-04-22 06:03:26,686 INFO train: step 26500 (45.8%) | loss: 1.446740 | lrm: 0.77 | mfu: 8.3% | epoch: 8 | remaining: 39058s
2026-04-22 06:04:28,809 INFO train: step 26550 (45.8%) | loss: 1.447864 | lrm: 0.77 | mfu: 8.2% | epoch: 8 | remaining: 38996s
2026-04-22 06:05:30,919 INFO train: step 26600 (45.9%) | loss: 1.459425 | lrm: 0.77 | mfu: 8.2% | epoch: 8 | remaining: 38933s
2026-04-22 06:06:33,037 INFO train: step 26650 (46.0%) | loss: 1.446592 | lrm: 0.77 | mfu: 8.3% | epoch: 8 | remaining: 38871s
2026-04-22 06:07:35,165 INFO train: step 26700 (46.1%) | loss: 1.451977 | lrm: 0.77 | mfu: 8.2% | epoch: 8 | remaining: 38809s
2026-04-22 06:08:37,308 INFO train: step 26750 (46.2%) | loss: 1.449946 | lrm: 0.77 | mfu: 8.2% | epoch: 8 | remaining: 38747s
2026-04-22 06:09:39,452 INFO train: step 26800 (46.3%) | loss: 1.438722 | lrm: 0.77 | mfu: 8.2% | epoch: 8 | remaining: 38685s
2026-04-22 06:10:41,582 INFO train: step 26850 (46.4%) | loss: 1.466381 | lrm: 0.77 | mfu: 8.2% | epoch: 8 | remaining: 38623s
2026-04-22 06:11:43,723 INFO train: step 26900 (46.4%) | loss: 1.437794 | lrm: 0.77 | mfu: 8.2% | epoch: 8 | remaining: 38561s
2026-04-22 06:12:45,864 INFO train: step 26950 (46.5%) | loss: 1.453050 | lrm: 0.76 | mfu: 8.2% | epoch: 8 | remaining: 38499s
2026-04-22 06:13:48,002 INFO train: step 27000 (46.6%) | loss: 1.448584 | lrm: 0.76 | mfu: 8.3% | epoch: 9 | remaining: 38436s
2026-04-22 06:14:50,136 INFO train: step 27050 (46.7%) | loss: 1.448132 | lrm: 0.76 | mfu: 8.2% | epoch: 9 | remaining: 38374s
2026-04-22 06:15:52,270 INFO train: step 27100 (46.8%) | loss: 1.445775 | lrm: 0.76 | mfu: 8.2% | epoch: 9 | remaining: 38312s
2026-04-22 06:16:54,401 INFO train: step 27150 (46.9%) | loss: 1.447929 | lrm: 0.76 | mfu: 8.2% | epoch: 9 | remaining: 38250s
2026-04-22 06:17:56,549 INFO train: step 27200 (47.0%) | loss: 1.473595 | lrm: 0.76 | mfu: 8.2% | epoch: 9 | remaining: 38188s
2026-04-22 06:18:58,704 INFO train: step 27250 (47.0%) | loss: 1.437635 | lrm: 0.76 | mfu: 8.3% | epoch: 9 | remaining: 38126s
2026-04-22 06:20:00,845 INFO train: step 27300 (47.1%) | loss: 1.451048 | lrm: 0.76 | mfu: 8.3% | epoch: 9 | remaining: 38064s
2026-04-22 06:21:02,978 INFO train: step 27350 (47.2%) | loss: 1.450736 | lrm: 0.75 | mfu: 8.3% | epoch: 9 | remaining: 38001s
2026-04-22 06:22:05,113 INFO train: step 27400 (47.3%) | loss: 1.440622 | lrm: 0.75 | mfu: 8.2% | epoch: 9 | remaining: 37939s
2026-04-22 06:23:07,240 INFO train: step 27450 (47.4%) | loss: 1.417366 | lrm: 0.75 | mfu: 8.3% | epoch: 9 | remaining: 37877s
2026-04-22 06:24:09,370 INFO train: step 27500 (47.5%) | loss: 1.436685 | lrm: 0.75 | mfu: 8.3% | epoch: 9 | remaining: 37815s
2026-04-22 06:25:11,497 INFO train: step 27550 (47.6%) | loss: 1.460218 | lrm: 0.75 | mfu: 8.3% | epoch: 9 | remaining: 37753s
2026-04-22 06:26:13,620 INFO train: step 27600 (47.6%) | loss: 1.425524 | lrm: 0.75 | mfu: 8.3% | epoch: 9 | remaining: 37691s
2026-04-22 06:27:15,746 INFO train: step 27650 (47.7%) | loss: 1.443138 | lrm: 0.75 | mfu: 8.2% | epoch: 9 | remaining: 37629s
2026-04-22 06:28:17,869 INFO train: step 27700 (47.8%) | loss: 1.441919 | lrm: 0.75 | mfu: 8.3% | epoch: 9 | remaining: 37567s
2026-04-22 06:29:19,992 INFO train: step 27750 (47.9%) | loss: 1.433604 | lrm: 0.74 | mfu: 8.2% | epoch: 9 | remaining: 37504s
2026-04-22 06:30:22,116 INFO train: step 27800 (48.0%) | loss: 1.448388 | lrm: 0.74 | mfu: 8.3% | epoch: 9 | remaining: 37442s
2026-04-22 06:31:24,242 INFO train: step 27850 (48.1%) | loss: 1.445149 | lrm: 0.74 | mfu: 8.3% | epoch: 9 | remaining: 37380s
2026-04-22 06:32:26,369 INFO train: step 27900 (48.2%) | loss: 1.448396 | lrm: 0.74 | mfu: 8.3% | epoch: 9 | remaining: 37318s
2026-04-22 06:33:28,496 INFO train: step 27950 (48.3%) | loss: 1.456479 | lrm: 0.74 | mfu: 8.2% | epoch: 9 | remaining: 37256s
2026-04-22 06:34:30,626 INFO train: step 28000 (48.3%) | loss: 1.430570 | lrm: 0.74 | mfu: 8.3% | epoch: 9 | remaining: 37194s
2026-04-22 06:35:32,751 INFO train: step 28050 (48.4%) | loss: 1.429997 | lrm: 0.74 | mfu: 8.2% | epoch: 9 | remaining: 37132s
2026-04-22 06:36:34,871 INFO train: step 28100 (48.5%) | loss: 1.421874 | lrm: 0.74 | mfu: 8.3% | epoch: 9 | remaining: 37070s
2026-04-22 06:37:36,995 INFO train: step 28150 (48.6%) | loss: 1.438792 | lrm: 0.73 | mfu: 8.3% | epoch: 9 | remaining: 37008s
2026-04-22 06:38:39,118 INFO train: step 28200 (48.7%) | loss: 1.452691 | lrm: 0.73 | mfu: 8.3% | epoch: 9 | remaining: 36945s
2026-04-22 06:39:41,238 INFO train: step 28250 (48.8%) | loss: 1.459956 | lrm: 0.73 | mfu: 8.3% | epoch: 9 | remaining: 36883s
2026-04-22 06:40:43,354 INFO train: step 28300 (48.9%) | loss: 1.442836 | lrm: 0.73 | mfu: 8.3% | epoch: 9 | remaining: 36821s
2026-04-22 06:41:45,471 INFO train: step 28350 (48.9%) | loss: 1.452592 | lrm: 0.73 | mfu: 8.3% | epoch: 9 | remaining: 36759s
2026-04-22 06:42:47,592 INFO train: step 28400 (49.0%) | loss: 1.424443 | lrm: 0.73 | mfu: 8.3% | epoch: 9 | remaining: 36697s
2026-04-22 06:43:49,706 INFO train: step 28450 (49.1%) | loss: 1.447212 | lrm: 0.73 | mfu: 8.3% | epoch: 9 | remaining: 36635s
2026-04-22 06:44:51,822 INFO train: step 28500 (49.2%) | loss: 1.434254 | lrm: 0.73 | mfu: 8.2% | epoch: 9 | remaining: 36573s
2026-04-22 06:45:53,945 INFO train: step 28550 (49.3%) | loss: 1.431843 | lrm: 0.72 | mfu: 8.3% | epoch: 9 | remaining: 36511s
2026-04-22 06:46:56,065 INFO train: step 28600 (49.4%) | loss: 1.453526 | lrm: 0.72 | mfu: 8.3% | epoch: 9 | remaining: 36449s
2026-04-22 06:47:58,185 INFO train: step 28650 (49.5%) | loss: 1.439892 | lrm: 0.72 | mfu: 8.3% | epoch: 9 | remaining: 36386s
2026-04-22 06:49:00,301 INFO train: step 28700 (49.5%) | loss: 1.426105 | lrm: 0.72 | mfu: 8.2% | epoch: 9 | remaining: 36324s
2026-04-22 06:50:02,418 INFO train: step 28750 (49.6%) | loss: 1.427609 | lrm: 0.72 | mfu: 8.3% | epoch: 9 | remaining: 36262s
2026-04-22 06:51:04,541 INFO train: step 28800 (49.7%) | loss: 1.434693 | lrm: 0.72 | mfu: 8.3% | epoch: 9 | remaining: 36200s
2026-04-22 06:52:06,662 INFO train: step 28850 (49.8%) | loss: 1.442048 | lrm: 0.72 | mfu: 8.3% | epoch: 9 | remaining: 36138s
2026-04-22 06:53:08,784 INFO train: step 28900 (49.9%) | loss: 1.441949 | lrm: 0.72 | mfu: 8.3% | epoch: 9 | remaining: 36076s
2026-04-22 06:54:10,902 INFO train: step 28950 (50.0%) | loss: 1.429947 | lrm: 0.71 | mfu: 8.2% | epoch: 9 | remaining: 36014s
2026-04-22 06:55:13,023 INFO train: step 29000 (50.1%) | loss: 1.438016 | lrm: 0.71 | mfu: 8.3% | epoch: 9 | remaining: 35952s
2026-04-22 06:56:15,135 INFO train: step 29050 (50.2%) | loss: 1.423550 | lrm: 0.71 | mfu: 8.3% | epoch: 9 | remaining: 35890s
2026-04-22 06:57:17,255 INFO train: step 29100 (50.2%) | loss: 1.419230 | lrm: 0.71 | mfu: 8.3% | epoch: 9 | remaining: 35827s
2026-04-22 06:58:19,364 INFO train: step 29150 (50.3%) | loss: 1.441486 | lrm: 0.71 | mfu: 8.3% | epoch: 9 | remaining: 35765s
2026-04-22 06:59:21,476 INFO train: step 29200 (50.4%) | loss: 1.429477 | lrm: 0.71 | mfu: 8.3% | epoch: 9 | remaining: 35703s
2026-04-22 07:00:23,594 INFO train: step 29250 (50.5%) | loss: 1.429380 | lrm: 0.71 | mfu: 8.2% | epoch: 9 | remaining: 35641s
2026-04-22 07:01:25,708 INFO train: step 29300 (50.6%) | loss: 1.430753 | lrm: 0.71 | mfu: 8.3% | epoch: 9 | remaining: 35579s
2026-04-22 07:02:27,826 INFO train: step 29350 (50.7%) | loss: 1.439990 | lrm: 0.70 | mfu: 8.3% | epoch: 9 | remaining: 35517s
2026-04-22 07:03:29,938 INFO train: step 29400 (50.8%) | loss: 1.418334 | lrm: 0.70 | mfu: 8.2% | epoch: 9 | remaining: 35455s
2026-04-22 07:04:32,050 INFO train: step 29450 (50.8%) | loss: 1.427454 | lrm: 0.70 | mfu: 8.3% | epoch: 9 | remaining: 35393s
2026-04-22 07:05:34,161 INFO train: step 29500 (50.9%) | loss: 1.419951 | lrm: 0.70 | mfu: 8.2% | epoch: 9 | remaining: 35331s
2026-04-22 07:06:36,280 INFO train: step 29550 (51.0%) | loss: 1.429617 | lrm: 0.70 | mfu: 8.3% | epoch: 9 | remaining: 35268s
2026-04-22 07:07:38,395 INFO train: step 29600 (51.1%) | loss: 1.423254 | lrm: 0.70 | mfu: 8.3% | epoch: 9 | remaining: 35206s
2026-04-22 07:08:40,513 INFO train: step 29650 (51.2%) | loss: 1.435321 | lrm: 0.70 | mfu: 8.2% | epoch: 9 | remaining: 35144s
2026-04-22 07:09:42,631 INFO train: step 29700 (51.3%) | loss: 1.435017 | lrm: 0.70 | mfu: 8.3% | epoch: 9 | remaining: 35082s
2026-04-22 07:10:44,743 INFO train: step 29750 (51.4%) | loss: 1.421060 | lrm: 0.69 | mfu: 8.2% | epoch: 9 | remaining: 35020s
2026-04-22 07:11:46,866 INFO train: step 29800 (51.4%) | loss: 1.426972 | lrm: 0.69 | mfu: 8.2% | epoch: 9 | remaining: 34958s
2026-04-22 07:12:48,977 INFO train: step 29850 (51.5%) | loss: 1.396142 | lrm: 0.69 | mfu: 8.2% | epoch: 9 | remaining: 34896s
2026-04-22 07:13:51,092 INFO train: step 29900 (51.6%) | loss: 1.411448 | lrm: 0.69 | mfu: 8.3% | epoch: 9 | remaining: 34834s
2026-04-22 07:14:53,204 INFO train: step 29950 (51.7%) | loss: 1.459092 | lrm: 0.69 | mfu: 8.2% | epoch: 9 | remaining: 34772s
2026-04-22 07:15:55,708 INFO train: step 30000 (51.8%) | loss: 1.424231 | lrm: 0.69 | mfu: 8.3% | epoch: 9 | remaining: 34709s
2026-04-22 07:16:57,828 INFO train: step 30050 (51.9%) | loss: 1.416985 | lrm: 0.69 | mfu: 8.2% | epoch: 9 | remaining: 34647s
2026-04-22 07:17:59,960 INFO train: step 30100 (52.0%) | loss: 1.430944 | lrm: 0.69 | mfu: 8.2% | epoch: 9 | remaining: 34585s
2026-04-22 07:19:02,102 INFO train: step 30150 (52.0%) | loss: 1.429348 | lrm: 0.69 | mfu: 8.2% | epoch: 9 | remaining: 34523s
2026-04-22 07:20:04,235 INFO train: step 30200 (52.1%) | loss: 1.416782 | lrm: 0.68 | mfu: 8.2% | epoch: 9 | remaining: 34461s
2026-04-22 07:21:06,370 INFO train: step 30250 (52.2%) | loss: 1.418546 | lrm: 0.68 | mfu: 8.2% | epoch: 9 | remaining: 34399s
2026-04-22 07:22:08,502 INFO train: step 30300 (52.3%) | loss: 1.432114 | lrm: 0.68 | mfu: 8.2% | epoch: 9 | remaining: 34337s
2026-04-22 07:23:10,628 INFO train: step 30350 (52.4%) | loss: 1.427537 | lrm: 0.68 | mfu: 8.2% | epoch: 9 | remaining: 34275s
2026-04-22 07:24:12,760 INFO train: step 30400 (52.5%) | loss: 1.430604 | lrm: 0.68 | mfu: 8.2% | epoch: 10 | remaining: 34212s
2026-04-22 07:25:14,892 INFO train: step 30450 (52.6%) | loss: 1.411212 | lrm: 0.68 | mfu: 8.3% | epoch: 10 | remaining: 34150s
2026-04-22 07:26:17,030 INFO train: step 30500 (52.7%) | loss: 1.429316 | lrm: 0.68 | mfu: 8.2% | epoch: 10 | remaining: 34088s
2026-04-22 07:27:19,164 INFO train: step 30550 (52.7%) | loss: 1.428770 | lrm: 0.68 | mfu: 8.3% | epoch: 10 | remaining: 34026s
2026-04-22 07:28:21,305 INFO train: step 30600 (52.8%) | loss: 1.437382 | lrm: 0.67 | mfu: 8.3% | epoch: 10 | remaining: 33964s
2026-04-22 07:29:23,440 INFO train: step 30650 (52.9%) | loss: 1.410878 | lrm: 0.67 | mfu: 8.2% | epoch: 10 | remaining: 33902s
2026-04-22 07:30:25,576 INFO train: step 30700 (53.0%) | loss: 1.421085 | lrm: 0.67 | mfu: 8.2% | epoch: 10 | remaining: 33840s
2026-04-22 07:31:27,717 INFO train: step 30750 (53.1%) | loss: 1.405458 | lrm: 0.67 | mfu: 8.3% | epoch: 10 | remaining: 33778s
2026-04-22 07:32:29,848 INFO train: step 30800 (53.2%) | loss: 1.464171 | lrm: 0.67 | mfu: 8.2% | epoch: 10 | remaining: 33715s
2026-04-22 07:33:31,984 INFO train: step 30850 (53.3%) | loss: 1.427566 | lrm: 0.67 | mfu: 8.2% | epoch: 10 | remaining: 33653s
2026-04-22 07:34:34,121 INFO train: step 30900 (53.3%) | loss: 1.428446 | lrm: 0.67 | mfu: 8.2% | epoch: 10 | remaining: 33591s
2026-04-22 07:35:36,262 INFO train: step 30950 (53.4%) | loss: 1.428824 | lrm: 0.67 | mfu: 8.2% | epoch: 10 | remaining: 33529s
2026-04-22 07:36:38,412 INFO train: step 31000 (53.5%) | loss: 1.431277 | lrm: 0.66 | mfu: 8.2% | epoch: 10 | remaining: 33467s
2026-04-22 07:37:40,554 INFO train: step 31050 (53.6%) | loss: 1.430182 | lrm: 0.66 | mfu: 8.2% | epoch: 10 | remaining: 33405s
2026-04-22 07:38:42,697 INFO train: step 31100 (53.7%) | loss: 1.425297 | lrm: 0.66 | mfu: 8.3% | epoch: 10 | remaining: 33343s
2026-04-22 07:39:44,841 INFO train: step 31150 (53.8%) | loss: 1.404394 | lrm: 0.66 | mfu: 8.2% | epoch: 10 | remaining: 33280s
2026-04-22 07:40:46,994 INFO train: step 31200 (53.9%) | loss: 1.419484 | lrm: 0.66 | mfu: 8.2% | epoch: 10 | remaining: 33218s
2026-04-22 07:41:49,145 INFO train: step 31250 (53.9%) | loss: 1.419048 | lrm: 0.66 | mfu: 8.2% | epoch: 10 | remaining: 33156s
2026-04-22 07:42:51,288 INFO train: step 31300 (54.0%) | loss: 1.409806 | lrm: 0.66 | mfu: 8.2% | epoch: 10 | remaining: 33094s
2026-04-22 07:43:53,425 INFO train: step 31350 (54.1%) | loss: 1.411193 | lrm: 0.66 | mfu: 8.2% | epoch: 10 | remaining: 33032s
2026-04-22 07:44:55,562 INFO train: step 31400 (54.2%) | loss: 1.409206 | lrm: 0.65 | mfu: 8.3% | epoch: 10 | remaining: 32970s
2026-04-22 07:45:57,701 INFO train: step 31450 (54.3%) | loss: 1.429980 | lrm: 0.65 | mfu: 8.3% | epoch: 10 | remaining: 32908s
2026-04-22 07:46:59,848 INFO train: step 31500 (54.4%) | loss: 1.408068 | lrm: 0.65 | mfu: 8.2% | epoch: 10 | remaining: 32846s
2026-04-22 07:48:02,002 INFO train: step 31550 (54.5%) | loss: 1.400625 | lrm: 0.65 | mfu: 8.3% | epoch: 10 | remaining: 32783s
2026-04-22 07:49:04,155 INFO train: step 31600 (54.6%) | loss: 1.402324 | lrm: 0.65 | mfu: 8.2% | epoch: 10 | remaining: 32721s
2026-04-22 07:50:06,301 INFO train: step 31650 (54.6%) | loss: 1.390421 | lrm: 0.65 | mfu: 8.2% | epoch: 10 | remaining: 32659s
2026-04-22 07:51:08,439 INFO train: step 31700 (54.7%) | loss: 1.417149 | lrm: 0.65 | mfu: 8.3% | epoch: 10 | remaining: 32597s
2026-04-22 07:52:10,577 INFO train: step 31750 (54.8%) | loss: 1.432205 | lrm: 0.65 | mfu: 8.2% | epoch: 10 | remaining: 32535s
2026-04-22 07:53:12,714 INFO train: step 31800 (54.9%) | loss: 1.418999 | lrm: 0.64 | mfu: 8.2% | epoch: 10 | remaining: 32473s
2026-04-22 07:54:14,852 INFO train: step 31850 (55.0%) | loss: 1.409359 | lrm: 0.64 | mfu: 8.2% | epoch: 10 | remaining: 32411s
2026-04-22 07:55:16,982 INFO train: step 31900 (55.1%) | loss: 1.417780 | lrm: 0.64 | mfu: 8.3% | epoch: 10 | remaining: 32348s
2026-04-22 07:56:19,118 INFO train: step 31950 (55.2%) | loss: 1.380578 | lrm: 0.64 | mfu: 8.2% | epoch: 10 | remaining: 32286s
2026-04-22 07:57:21,248 INFO train: step 32000 (55.2%) | loss: 1.397677 | lrm: 0.64 | mfu: 8.2% | epoch: 10 | remaining: 32224s
2026-04-22 07:58:23,376 INFO train: step 32050 (55.3%) | loss: 1.398274 | lrm: 0.64 | mfu: 8.2% | epoch: 10 | remaining: 32162s
2026-04-22 07:59:25,498 INFO train: step 32100 (55.4%) | loss: 1.407802 | lrm: 0.64 | mfu: 8.2% | epoch: 10 | remaining: 32100s
2026-04-22 08:00:27,624 INFO train: step 32150 (55.5%) | loss: 1.423357 | lrm: 0.64 | mfu: 8.3% | epoch: 10 | remaining: 32038s
2026-04-22 08:01:29,752 INFO train: step 32200 (55.6%) | loss: 1.421131 | lrm: 0.63 | mfu: 8.3% | epoch: 10 | remaining: 31976s
2026-04-22 08:02:31,884 INFO train: step 32250 (55.7%) | loss: 1.409808 | lrm: 0.63 | mfu: 8.3% | epoch: 10 | remaining: 31914s
2026-04-22 08:03:34,012 INFO train: step 32300 (55.8%) | loss: 1.413665 | lrm: 0.63 | mfu: 8.3% | epoch: 10 | remaining: 31851s
2026-04-22 08:04:36,133 INFO train: step 32350 (55.8%) | loss: 1.406676 | lrm: 0.63 | mfu: 8.2% | epoch: 10 | remaining: 31789s
2026-04-22 08:05:38,262 INFO train: step 32400 (55.9%) | loss: 1.399718 | lrm: 0.63 | mfu: 8.2% | epoch: 10 | remaining: 31727s
2026-04-22 08:06:40,392 INFO train: step 32450 (56.0%) | loss: 1.397972 | lrm: 0.63 | mfu: 8.2% | epoch: 10 | remaining: 31665s
2026-04-22 08:07:42,512 INFO train: step 32500 (56.1%) | loss: 1.427045 | lrm: 0.63 | mfu: 8.2% | epoch: 10 | remaining: 31603s
2026-04-22 08:08:44,637 INFO train: step 32550 (56.2%) | loss: 1.396451 | lrm: 0.63 | mfu: 8.3% | epoch: 10 | remaining: 31541s
2026-04-22 08:09:46,762 INFO train: step 32600 (56.3%) | loss: 1.400932 | lrm: 0.62 | mfu: 8.3% | epoch: 10 | remaining: 31479s
2026-04-22 08:10:48,892 INFO train: step 32650 (56.4%) | loss: 1.401601 | lrm: 0.62 | mfu: 8.2% | epoch: 10 | remaining: 31417s
2026-04-22 08:11:51,016 INFO train: step 32700 (56.5%) | loss: 1.396991 | lrm: 0.62 | mfu: 8.2% | epoch: 10 | remaining: 31355s
2026-04-22 08:12:53,142 INFO train: step 32750 (56.5%) | loss: 1.417176 | lrm: 0.62 | mfu: 8.2% | epoch: 10 | remaining: 31292s
2026-04-22 08:13:55,269 INFO train: step 32800 (56.6%) | loss: 1.388144 | lrm: 0.62 | mfu: 8.3% | epoch: 10 | remaining: 31230s
2026-04-22 08:14:57,390 INFO train: step 32850 (56.7%) | loss: 1.410553 | lrm: 0.62 | mfu: 8.3% | epoch: 10 | remaining: 31168s
2026-04-22 08:15:59,514 INFO train: step 32900 (56.8%) | loss: 1.390392 | lrm: 0.62 | mfu: 8.3% | epoch: 10 | remaining: 31106s
2026-04-22 08:17:01,645 INFO train: step 32950 (56.9%) | loss: 1.396529 | lrm: 0.62 | mfu: 8.3% | epoch: 10 | remaining: 31044s
2026-04-22 08:18:03,770 INFO train: step 33000 (57.0%) | loss: 1.381568 | lrm: 0.61 | mfu: 8.3% | epoch: 10 | remaining: 30982s
2026-04-22 08:19:05,904 INFO train: step 33050 (57.1%) | loss: 1.407478 | lrm: 0.61 | mfu: 8.2% | epoch: 10 | remaining: 30920s
2026-04-22 08:20:08,026 INFO train: step 33100 (57.1%) | loss: 1.410192 | lrm: 0.61 | mfu: 8.3% | epoch: 10 | remaining: 30858s
2026-04-22 08:21:10,141 INFO train: step 33150 (57.2%) | loss: 1.423933 | lrm: 0.61 | mfu: 8.3% | epoch: 10 | remaining: 30795s
2026-04-22 08:22:12,267 INFO train: step 33200 (57.3%) | loss: 1.367955 | lrm: 0.61 | mfu: 8.2% | epoch: 10 | remaining: 30733s
2026-04-22 08:23:14,378 INFO train: step 33250 (57.4%) | loss: 1.393170 | lrm: 0.61 | mfu: 8.3% | epoch: 10 | remaining: 30671s
2026-04-22 08:24:16,495 INFO train: step 33300 (57.5%) | loss: 1.389991 | lrm: 0.61 | mfu: 8.2% | epoch: 10 | remaining: 30609s
2026-04-22 08:25:18,618 INFO train: step 33350 (57.6%) | loss: 1.427937 | lrm: 0.61 | mfu: 8.3% | epoch: 10 | remaining: 30547s
2026-04-22 08:26:20,748 INFO train: step 33400 (57.7%) | loss: 1.398532 | lrm: 0.60 | mfu: 8.3% | epoch: 10 | remaining: 30485s
2026-04-22 08:27:22,866 INFO train: step 33450 (57.7%) | loss: 1.402086 | lrm: 0.60 | mfu: 8.2% | epoch: 10 | remaining: 30423s
2026-04-22 08:28:24,991 INFO train: step 33500 (57.8%) | loss: 1.385848 | lrm: 0.60 | mfu: 8.3% | epoch: 10 | remaining: 30361s
2026-04-22 08:29:27,115 INFO train: step 33550 (57.9%) | loss: 1.385489 | lrm: 0.60 | mfu: 8.3% | epoch: 10 | remaining: 30299s
2026-04-22 08:30:29,234 INFO train: step 33600 (58.0%) | loss: 1.405601 | lrm: 0.60 | mfu: 8.3% | epoch: 10 | remaining: 30236s
2026-04-22 08:31:31,364 INFO train: step 33650 (58.1%) | loss: 1.405893 | lrm: 0.60 | mfu: 8.2% | epoch: 10 | remaining: 30174s
2026-04-22 08:32:33,486 INFO train: step 33700 (58.2%) | loss: 1.407725 | lrm: 0.60 | mfu: 8.2% | epoch: 10 | remaining: 30112s
2026-04-22 08:33:35,609 INFO train: step 33750 (58.3%) | loss: 1.399145 | lrm: 0.60 | mfu: 8.2% | epoch: 11 | remaining: 30050s
2026-04-22 08:34:37,727 INFO train: step 33800 (58.3%) | loss: 1.392291 | lrm: 0.60 | mfu: 8.2% | epoch: 11 | remaining: 29988s
2026-04-22 08:35:39,843 INFO train: step 33850 (58.4%) | loss: 1.377268 | lrm: 0.59 | mfu: 8.3% | epoch: 11 | remaining: 29926s
2026-04-22 08:36:41,961 INFO train: step 33900 (58.5%) | loss: 1.378667 | lrm: 0.59 | mfu: 8.3% | epoch: 11 | remaining: 29864s
2026-04-22 08:37:44,078 INFO train: step 33950 (58.6%) | loss: 1.397936 | lrm: 0.59 | mfu: 8.3% | epoch: 11 | remaining: 29802s
2026-04-22 08:38:46,197 INFO train: step 34000 (58.7%) | loss: 1.381286 | lrm: 0.59 | mfu: 8.3% | epoch: 11 | remaining: 29739s
2026-04-22 08:39:48,312 INFO train: step 34050 (58.8%) | loss: 1.411180 | lrm: 0.59 | mfu: 8.3% | epoch: 11 | remaining: 29677s
2026-04-22 08:40:50,424 INFO train: step 34100 (58.9%) | loss: 1.391444 | lrm: 0.59 | mfu: 8.3% | epoch: 11 | remaining: 29615s
2026-04-22 08:41:52,550 INFO train: step 34150 (59.0%) | loss: 1.386006 | lrm: 0.59 | mfu: 8.2% | epoch: 11 | remaining: 29553s
2026-04-22 08:42:54,677 INFO train: step 34200 (59.0%) | loss: 1.387328 | lrm: 0.59 | mfu: 8.3% | epoch: 11 | remaining: 29491s
2026-04-22 08:43:56,798 INFO train: step 34250 (59.1%) | loss: 1.363250 | lrm: 0.58 | mfu: 8.3% | epoch: 11 | remaining: 29429s
2026-04-22 08:44:58,922 INFO train: step 34300 (59.2%) | loss: 1.409119 | lrm: 0.58 | mfu: 8.2% | epoch: 11 | remaining: 29367s
2026-04-22 08:46:01,044 INFO train: step 34350 (59.3%) | loss: 1.404520 | lrm: 0.58 | mfu: 8.3% | epoch: 11 | remaining: 29305s
2026-04-22 08:47:03,165 INFO train: step 34400 (59.4%) | loss: 1.380084 | lrm: 0.58 | mfu: 8.3% | epoch: 11 | remaining: 29243s
2026-04-22 08:48:05,288 INFO train: step 34450 (59.5%) | loss: 1.377183 | lrm: 0.58 | mfu: 8.2% | epoch: 11 | remaining: 29180s
2026-04-22 08:49:07,404 INFO train: step 34500 (59.6%) | loss: 1.399939 | lrm: 0.58 | mfu: 8.3% | epoch: 11 | remaining: 29118s
2026-04-22 08:50:09,524 INFO train: step 34550 (59.6%) | loss: 1.411290 | lrm: 0.58 | mfu: 8.3% | epoch: 11 | remaining: 29056s
2026-04-22 08:51:11,643 INFO train: step 34600 (59.7%) | loss: 1.384182 | lrm: 0.58 | mfu: 8.2% | epoch: 11 | remaining: 28994s
2026-04-22 08:52:13,763 INFO train: step 34650 (59.8%) | loss: 1.386761 | lrm: 0.57 | mfu: 8.2% | epoch: 11 | remaining: 28932s
2026-04-22 08:53:15,877 INFO train: step 34700 (59.9%) | loss: 1.389469 | lrm: 0.57 | mfu: 8.3% | epoch: 11 | remaining: 28870s
2026-04-22 08:54:18,007 INFO train: step 34750 (60.0%) | loss: 1.384425 | lrm: 0.57 | mfu: 8.2% | epoch: 11 | remaining: 28808s
2026-04-22 08:55:20,135 INFO train: step 34800 (60.1%) | loss: 1.387745 | lrm: 0.57 | mfu: 8.3% | epoch: 11 | remaining: 28746s
2026-04-22 08:56:22,258 INFO train: step 34850 (60.2%) | loss: 1.395252 | lrm: 0.57 | mfu: 8.3% | epoch: 11 | remaining: 28684s
2026-04-22 08:57:24,378 INFO train: step 34900 (60.2%) | loss: 1.385289 | lrm: 0.57 | mfu: 8.3% | epoch: 11 | remaining: 28621s
2026-04-22 08:58:26,499 INFO train: step 34950 (60.3%) | loss: 1.367879 | lrm: 0.57 | mfu: 8.3% | epoch: 11 | remaining: 28559s
2026-04-22 08:59:29,062 INFO train: step 35000 (60.4%) | loss: 1.378538 | lrm: 0.57 | mfu: 8.3% | epoch: 11 | remaining: 28497s
2026-04-22 09:00:31,171 INFO train: step 35050 (60.5%) | loss: 1.388955 | lrm: 0.56 | mfu: 8.2% | epoch: 11 | remaining: 28435s
2026-04-22 09:01:33,288 INFO train: step 35100 (60.6%) | loss: 1.386013 | lrm: 0.56 | mfu: 8.3% | epoch: 11 | remaining: 28373s
2026-04-22 09:02:35,411 INFO train: step 35150 (60.7%) | loss: 1.362439 | lrm: 0.56 | mfu: 8.3% | epoch: 11 | remaining: 28311s
2026-04-22 09:03:37,535 INFO train: step 35200 (60.8%) | loss: 1.362073 | lrm: 0.56 | mfu: 8.2% | epoch: 11 | remaining: 28249s
2026-04-22 09:04:39,657 INFO train: step 35250 (60.9%) | loss: 1.378352 | lrm: 0.56 | mfu: 8.2% | epoch: 11 | remaining: 28187s
2026-04-22 09:05:41,772 INFO train: step 35300 (60.9%) | loss: 1.379028 | lrm: 0.56 | mfu: 8.2% | epoch: 11 | remaining: 28125s
2026-04-22 09:06:43,889 INFO train: step 35350 (61.0%) | loss: 1.382499 | lrm: 0.56 | mfu: 8.2% | epoch: 11 | remaining: 28062s
2026-04-22 09:07:46,010 INFO train: step 35400 (61.1%) | loss: 1.389151 | lrm: 0.56 | mfu: 8.2% | epoch: 11 | remaining: 28000s
2026-04-22 09:08:48,123 INFO train: step 35450 (61.2%) | loss: 1.380897 | lrm: 0.55 | mfu: 8.3% | epoch: 11 | remaining: 27938s
2026-04-22 09:09:50,244 INFO train: step 35500 (61.3%) | loss: 1.384331 | lrm: 0.55 | mfu: 8.2% | epoch: 11 | remaining: 27876s
2026-04-22 09:10:52,362 INFO train: step 35550 (61.4%) | loss: 1.382445 | lrm: 0.55 | mfu: 8.3% | epoch: 11 | remaining: 27814s
2026-04-22 09:11:54,477 INFO train: step 35600 (61.5%) | loss: 1.388682 | lrm: 0.55 | mfu: 8.2% | epoch: 11 | remaining: 27752s
2026-04-22 09:12:56,595 INFO train: step 35650 (61.5%) | loss: 1.400512 | lrm: 0.55 | mfu: 8.2% | epoch: 11 | remaining: 27690s
2026-04-22 09:13:58,721 INFO train: step 35700 (61.6%) | loss: 1.392553 | lrm: 0.55 | mfu: 8.3% | epoch: 11 | remaining: 27628s
2026-04-22 09:15:00,845 INFO train: step 35750 (61.7%) | loss: 1.374433 | lrm: 0.55 | mfu: 8.3% | epoch: 11 | remaining: 27566s
2026-04-22 09:16:02,971 INFO train: step 35800 (61.8%) | loss: 1.390219 | lrm: 0.55 | mfu: 8.2% | epoch: 11 | remaining: 27503s
2026-04-22 09:17:05,094 INFO train: step 35850 (61.9%) | loss: 1.392146 | lrm: 0.54 | mfu: 8.2% | epoch: 11 | remaining: 27441s
2026-04-22 09:18:07,218 INFO train: step 35900 (62.0%) | loss: 1.368509 | lrm: 0.54 | mfu: 8.2% | epoch: 11 | remaining: 27379s
2026-04-22 09:19:09,328 INFO train: step 35950 (62.1%) | loss: 1.386360 | lrm: 0.54 | mfu: 8.3% | epoch: 11 | remaining: 27317s
2026-04-22 09:20:11,447 INFO train: step 36000 (62.1%) | loss: 1.367943 | lrm: 0.54 | mfu: 8.3% | epoch: 11 | remaining: 27255s
2026-04-22 09:21:13,576 INFO train: step 36050 (62.2%) | loss: 1.378605 | lrm: 0.54 | mfu: 8.2% | epoch: 11 | remaining: 27193s
2026-04-22 09:22:15,703 INFO train: step 36100 (62.3%) | loss: 1.361505 | lrm: 0.54 | mfu: 8.3% | epoch: 11 | remaining: 27131s
2026-04-22 09:23:17,830 INFO train: step 36150 (62.4%) | loss: 1.368482 | lrm: 0.54 | mfu: 8.3% | epoch: 11 | remaining: 27069s
2026-04-22 09:24:19,956 INFO train: step 36200 (62.5%) | loss: 1.350982 | lrm: 0.54 | mfu: 8.2% | epoch: 11 | remaining: 27006s
2026-04-22 09:25:22,081 INFO train: step 36250 (62.6%) | loss: 1.377098 | lrm: 0.53 | mfu: 8.2% | epoch: 11 | remaining: 26944s
2026-04-22 09:26:24,205 INFO train: step 36300 (62.7%) | loss: 1.383960 | lrm: 0.53 | mfu: 8.2% | epoch: 11 | remaining: 26882s
2026-04-22 09:27:26,333 INFO train: step 36350 (62.7%) | loss: 1.362666 | lrm: 0.53 | mfu: 8.2% | epoch: 11 | remaining: 26820s
2026-04-22 09:28:28,466 INFO train: step 36400 (62.8%) | loss: 1.368917 | lrm: 0.53 | mfu: 8.3% | epoch: 11 | remaining: 26758s
2026-04-22 09:29:30,604 INFO train: step 36450 (62.9%) | loss: 1.367854 | lrm: 0.53 | mfu: 8.2% | epoch: 11 | remaining: 26696s
2026-04-22 09:30:32,733 INFO train: step 36500 (63.0%) | loss: 1.390109 | lrm: 0.53 | mfu: 8.2% | epoch: 11 | remaining: 26634s
2026-04-22 09:31:34,869 INFO train: step 36550 (63.1%) | loss: 1.357915 | lrm: 0.53 | mfu: 8.3% | epoch: 11 | remaining: 26572s
2026-04-22 09:32:36,991 INFO train: step 36600 (63.2%) | loss: 1.341129 | lrm: 0.53 | mfu: 8.3% | epoch: 11 | remaining: 26509s
2026-04-22 09:33:39,094 INFO train: step 36650 (63.3%) | loss: 1.361575 | lrm: 0.52 | mfu: 8.3% | epoch: 11 | remaining: 26447s
2026-04-22 09:34:41,188 INFO train: step 36700 (63.4%) | loss: 1.397127 | lrm: 0.52 | mfu: 8.3% | epoch: 11 | remaining: 26385s
2026-04-22 09:35:43,275 INFO train: step 36750 (63.4%) | loss: 1.352373 | lrm: 0.52 | mfu: 8.3% | epoch: 11 | remaining: 26323s
2026-04-22 09:36:45,364 INFO train: step 36800 (63.5%) | loss: 1.356013 | lrm: 0.52 | mfu: 8.3% | epoch: 11 | remaining: 26261s
2026-04-22 09:37:47,446 INFO train: step 36850 (63.6%) | loss: 1.373921 | lrm: 0.52 | mfu: 8.3% | epoch: 11 | remaining: 26199s
2026-04-22 09:38:49,515 INFO train: step 36900 (63.7%) | loss: 1.379169 | lrm: 0.52 | mfu: 8.3% | epoch: 11 | remaining: 26137s
2026-04-22 09:39:51,621 INFO train: step 36950 (63.8%) | loss: 1.371125 | lrm: 0.52 | mfu: 8.2% | epoch: 11 | remaining: 26075s
2026-04-22 09:40:53,721 INFO train: step 37000 (63.9%) | loss: 1.380783 | lrm: 0.52 | mfu: 8.3% | epoch: 11 | remaining: 26013s
2026-04-22 09:41:55,820 INFO train: step 37050 (64.0%) | loss: 1.365579 | lrm: 0.51 | mfu: 8.3% | epoch: 11 | remaining: 25951s
2026-04-22 09:42:57,922 INFO train: step 37100 (64.0%) | loss: 1.389258 | lrm: 0.51 | mfu: 8.3% | epoch: 11 | remaining: 25889s
2026-04-22 09:44:00,018 INFO train: step 37150 (64.1%) | loss: 1.378488 | lrm: 0.51 | mfu: 8.3% | epoch: 12 | remaining: 25827s
2026-04-22 09:45:02,118 INFO train: step 37200 (64.2%) | loss: 1.340686 | lrm: 0.51 | mfu: 8.3% | epoch: 12 | remaining: 25764s
2026-04-22 09:46:04,211 INFO train: step 37250 (64.3%) | loss: 1.367795 | lrm: 0.51 | mfu: 8.3% | epoch: 12 | remaining: 25702s
2026-04-22 09:47:06,308 INFO train: step 37300 (64.4%) | loss: 1.379790 | lrm: 0.51 | mfu: 8.3% | epoch: 12 | remaining: 25640s
2026-04-22 09:48:08,405 INFO train: step 37350 (64.5%) | loss: 1.374376 | lrm: 0.51 | mfu: 8.2% | epoch: 12 | remaining: 25578s
2026-04-22 09:49:10,501 INFO train: step 37400 (64.6%) | loss: 1.375861 | lrm: 0.51 | mfu: 8.3% | epoch: 12 | remaining: 25516s
2026-04-22 09:50:12,598 INFO train: step 37450 (64.6%) | loss: 1.376330 | lrm: 0.51 | mfu: 8.2% | epoch: 12 | remaining: 25454s
2026-04-22 09:51:14,678 INFO train: step 37500 (64.7%) | loss: 1.360608 | lrm: 0.50 | mfu: 8.3% | epoch: 12 | remaining: 25392s
2026-04-22 09:52:16,712 INFO train: step 37550 (64.8%) | loss: 1.389355 | lrm: 0.50 | mfu: 8.3% | epoch: 12 | remaining: 25330s
2026-04-22 09:53:18,750 INFO train: step 37600 (64.9%) | loss: 1.343717 | lrm: 0.50 | mfu: 8.3% | epoch: 12 | remaining: 25268s
2026-04-22 09:54:20,788 INFO train: step 37650 (65.0%) | loss: 1.376054 | lrm: 0.50 | mfu: 8.3% | epoch: 12 | remaining: 25206s
2026-04-22 09:55:22,834 INFO train: step 37700 (65.1%) | loss: 1.369238 | lrm: 0.50 | mfu: 8.3% | epoch: 12 | remaining: 25144s
2026-04-22 09:56:24,896 INFO train: step 37750 (65.2%) | loss: 1.359585 | lrm: 0.50 | mfu: 8.3% | epoch: 12 | remaining: 25082s
2026-04-22 09:57:26,963 INFO train: step 37800 (65.2%) | loss: 1.372685 | lrm: 0.50 | mfu: 8.3% | epoch: 12 | remaining: 25020s
2026-04-22 09:58:29,031 INFO train: step 37850 (65.3%) | loss: 1.351575 | lrm: 0.50 | mfu: 8.3% | epoch: 12 | remaining: 24958s
2026-04-22 09:59:31,094 INFO train: step 37900 (65.4%) | loss: 1.355639 | lrm: 0.49 | mfu: 8.3% | epoch: 12 | remaining: 24896s
2026-04-22 10:00:33,159 INFO train: step 37950 (65.5%) | loss: 1.360542 | lrm: 0.49 | mfu: 8.3% | epoch: 12 | remaining: 24833s
2026-04-22 10:01:35,210 INFO train: step 38000 (65.6%) | loss: 1.364065 | lrm: 0.49 | mfu: 8.3% | epoch: 12 | remaining: 24771s
2026-04-22 10:02:37,270 INFO train: step 38050 (65.7%) | loss: 1.358575 | lrm: 0.49 | mfu: 8.3% | epoch: 12 | remaining: 24709s
2026-04-22 10:03:39,329 INFO train: step 38100 (65.8%) | loss: 1.352631 | lrm: 0.49 | mfu: 8.3% | epoch: 12 | remaining: 24647s
2026-04-22 10:04:41,398 INFO train: step 38150 (65.9%) | loss: 1.345822 | lrm: 0.49 | mfu: 8.3% | epoch: 12 | remaining: 24585s
2026-04-22 10:05:43,481 INFO train: step 38200 (65.9%) | loss: 1.368189 | lrm: 0.49 | mfu: 8.3% | epoch: 12 | remaining: 24523s
2026-04-22 10:06:45,563 INFO train: step 38250 (66.0%) | loss: 1.359692 | lrm: 0.49 | mfu: 8.3% | epoch: 12 | remaining: 24461s
2026-04-22 10:07:47,647 INFO train: step 38300 (66.1%) | loss: 1.355230 | lrm: 0.48 | mfu: 8.2% | epoch: 12 | remaining: 24399s
2026-04-22 10:08:49,733 INFO train: step 38350 (66.2%) | loss: 1.376175 | lrm: 0.48 | mfu: 8.2% | epoch: 12 | remaining: 24337s
2026-04-22 10:09:51,821 INFO train: step 38400 (66.3%) | loss: 1.347003 | lrm: 0.48 | mfu: 8.3% | epoch: 12 | remaining: 24275s
2026-04-22 10:10:53,916 INFO train: step 38450 (66.4%) | loss: 1.361351 | lrm: 0.48 | mfu: 8.3% | epoch: 12 | remaining: 24213s
2026-04-22 10:11:56,006 INFO train: step 38500 (66.5%) | loss: 1.375057 | lrm: 0.48 | mfu: 8.3% | epoch: 12 | remaining: 24151s
2026-04-22 10:12:58,152 INFO train: step 38550 (66.5%) | loss: 1.360479 | lrm: 0.48 | mfu: 8.2% | epoch: 12 | remaining: 24089s
2026-04-22 10:14:00,313 INFO train: step 38600 (66.6%) | loss: 1.348522 | lrm: 0.48 | mfu: 8.2% | epoch: 12 | remaining: 24026s
2026-04-22 10:15:02,465 INFO train: step 38650 (66.7%) | loss: 1.354294 | lrm: 0.48 | mfu: 8.2% | epoch: 12 | remaining: 23964s
2026-04-22 10:16:04,614 INFO train: step 38700 (66.8%) | loss: 1.353795 | lrm: 0.47 | mfu: 8.2% | epoch: 12 | remaining: 23902s
2026-04-22 10:17:06,752 INFO train: step 38750 (66.9%) | loss: 1.363666 | lrm: 0.47 | mfu: 8.2% | epoch: 12 | remaining: 23840s
2026-04-22 10:18:08,878 INFO train: step 38800 (67.0%) | loss: 1.360683 | lrm: 0.47 | mfu: 8.3% | epoch: 12 | remaining: 23778s
2026-04-22 10:19:11,010 INFO train: step 38850 (67.1%) | loss: 1.355128 | lrm: 0.47 | mfu: 8.2% | epoch: 12 | remaining: 23716s
2026-04-22 10:20:13,138 INFO train: step 38900 (67.1%) | loss: 1.360174 | lrm: 0.47 | mfu: 8.3% | epoch: 12 | remaining: 23654s
2026-04-22 10:21:15,254 INFO train: step 38950 (67.2%) | loss: 1.351367 | lrm: 0.47 | mfu: 8.2% | epoch: 12 | remaining: 23592s
2026-04-22 10:22:17,378 INFO train: step 39000 (67.3%) | loss: 1.343333 | lrm: 0.47 | mfu: 8.3% | epoch: 12 | remaining: 23529s
2026-04-22 10:23:19,506 INFO train: step 39050 (67.4%) | loss: 1.368202 | lrm: 0.47 | mfu: 8.2% | epoch: 12 | remaining: 23467s
2026-04-22 10:24:21,632 INFO train: step 39100 (67.5%) | loss: 1.338546 | lrm: 0.46 | mfu: 8.2% | epoch: 12 | remaining: 23405s
2026-04-22 10:25:23,737 INFO train: step 39150 (67.6%) | loss: 1.362615 | lrm: 0.46 | mfu: 8.3% | epoch: 12 | remaining: 23343s
2026-04-22 10:26:25,841 INFO train: step 39200 (67.7%) | loss: 1.352844 | lrm: 0.46 | mfu: 8.3% | epoch: 12 | remaining: 23281s
2026-04-22 10:27:27,944 INFO train: step 39250 (67.7%) | loss: 1.343220 | lrm: 0.46 | mfu: 8.3% | epoch: 12 | remaining: 23219s
2026-04-22 10:28:30,042 INFO train: step 39300 (67.8%) | loss: 1.328549 | lrm: 0.46 | mfu: 8.3% | epoch: 12 | remaining: 23157s
2026-04-22 10:29:32,151 INFO train: step 39350 (67.9%) | loss: 1.351800 | lrm: 0.46 | mfu: 8.2% | epoch: 12 | remaining: 23095s
2026-04-22 10:30:34,258 INFO train: step 39400 (68.0%) | loss: 1.349644 | lrm: 0.46 | mfu: 8.2% | epoch: 12 | remaining: 23033s
2026-04-22 10:31:36,371 INFO train: step 39450 (68.1%) | loss: 1.356874 | lrm: 0.46 | mfu: 8.2% | epoch: 12 | remaining: 22971s
2026-04-22 10:32:38,492 INFO train: step 39500 (68.2%) | loss: 1.348924 | lrm: 0.45 | mfu: 8.3% | epoch: 12 | remaining: 22908s
2026-04-22 10:33:40,618 INFO train: step 39550 (68.3%) | loss: 1.343256 | lrm: 0.45 | mfu: 8.2% | epoch: 12 | remaining: 22846s
2026-04-22 10:34:42,731 INFO train: step 39600 (68.4%) | loss: 1.337890 | lrm: 0.45 | mfu: 8.3% | epoch: 12 | remaining: 22784s
2026-04-22 10:35:44,850 INFO train: step 39650 (68.4%) | loss: 1.351701 | lrm: 0.45 | mfu: 8.3% | epoch: 12 | remaining: 22722s
2026-04-22 10:36:46,975 INFO train: step 39700 (68.5%) | loss: 1.356108 | lrm: 0.45 | mfu: 8.3% | epoch: 12 | remaining: 22660s
2026-04-22 10:37:49,093 INFO train: step 39750 (68.6%) | loss: 1.355695 | lrm: 0.45 | mfu: 8.2% | epoch: 12 | remaining: 22598s
2026-04-22 10:38:51,220 INFO train: step 39800 (68.7%) | loss: 1.350166 | lrm: 0.45 | mfu: 8.2% | epoch: 12 | remaining: 22536s
2026-04-22 10:39:53,343 INFO train: step 39850 (68.8%) | loss: 1.333725 | lrm: 0.45 | mfu: 8.3% | epoch: 12 | remaining: 22474s
2026-04-22 10:40:55,467 INFO train: step 39900 (68.9%) | loss: 1.348248 | lrm: 0.44 | mfu: 8.3% | epoch: 12 | remaining: 22411s
2026-04-22 10:41:57,589 INFO train: step 39950 (69.0%) | loss: 1.338827 | lrm: 0.44 | mfu: 8.3% | epoch: 12 | remaining: 22349s
2026-04-22 10:43:00,428 INFO train: step 40000 (69.0%) | loss: 1.354196 | lrm: 0.44 | mfu: 8.3% | epoch: 12 | remaining: 22287s
2026-04-22 10:44:02,528 INFO train: step 40050 (69.1%) | loss: 1.343612 | lrm: 0.44 | mfu: 8.3% | epoch: 12 | remaining: 22225s
2026-04-22 10:45:04,645 INFO train: step 40100 (69.2%) | loss: 1.358633 | lrm: 0.44 | mfu: 8.3% | epoch: 12 | remaining: 22163s
2026-04-22 10:46:06,773 INFO train: step 40150 (69.3%) | loss: 1.334467 | lrm: 0.44 | mfu: 8.3% | epoch: 12 | remaining: 22101s
2026-04-22 10:47:08,880 INFO train: step 40200 (69.4%) | loss: 1.340669 | lrm: 0.44 | mfu: 8.2% | epoch: 12 | remaining: 22039s
2026-04-22 10:48:10,984 INFO train: step 40250 (69.5%) | loss: 1.344898 | lrm: 0.44 | mfu: 8.3% | epoch: 12 | remaining: 21977s
2026-04-22 10:49:13,082 INFO train: step 40300 (69.6%) | loss: 1.350290 | lrm: 0.43 | mfu: 8.2% | epoch: 12 | remaining: 21915s
2026-04-22 10:50:15,184 INFO train: step 40350 (69.6%) | loss: 1.329927 | lrm: 0.43 | mfu: 8.3% | epoch: 12 | remaining: 21853s
2026-04-22 10:51:17,288 INFO train: step 40400 (69.7%) | loss: 1.342785 | lrm: 0.43 | mfu: 8.3% | epoch: 12 | remaining: 21790s
2026-04-22 10:52:19,405 INFO train: step 40450 (69.8%) | loss: 1.348224 | lrm: 0.43 | mfu: 8.3% | epoch: 12 | remaining: 21728s
2026-04-22 10:53:21,500 INFO train: step 40500 (69.9%) | loss: 1.348608 | lrm: 0.43 | mfu: 8.3% | epoch: 13 | remaining: 21666s
2026-04-22 10:54:23,609 INFO train: step 40550 (70.0%) | loss: 1.347396 | lrm: 0.43 | mfu: 8.3% | epoch: 13 | remaining: 21604s
2026-04-22 10:55:25,716 INFO train: step 40600 (70.1%) | loss: 1.338322 | lrm: 0.43 | mfu: 8.3% | epoch: 13 | remaining: 21542s
2026-04-22 10:56:27,818 INFO train: step 40650 (70.2%) | loss: 1.343031 | lrm: 0.43 | mfu: 8.3% | epoch: 13 | remaining: 21480s
2026-04-22 10:57:29,929 INFO train: step 40700 (70.3%) | loss: 1.362334 | lrm: 0.42 | mfu: 8.3% | epoch: 13 | remaining: 21418s
2026-04-22 10:58:32,031 INFO train: step 40750 (70.3%) | loss: 1.325008 | lrm: 0.42 | mfu: 8.3% | epoch: 13 | remaining: 21356s
2026-04-22 10:59:34,145 INFO train: step 40800 (70.4%) | loss: 1.365244 | lrm: 0.42 | mfu: 8.2% | epoch: 13 | remaining: 21294s
2026-04-22 11:00:36,262 INFO train: step 40850 (70.5%) | loss: 1.321819 | lrm: 0.42 | mfu: 8.3% | epoch: 13 | remaining: 21232s
2026-04-22 11:01:38,382 INFO train: step 40900 (70.6%) | loss: 1.352306 | lrm: 0.42 | mfu: 8.3% | epoch: 13 | remaining: 21169s
2026-04-22 11:02:40,490 INFO train: step 40950 (70.7%) | loss: 1.343654 | lrm: 0.42 | mfu: 8.3% | epoch: 13 | remaining: 21107s
2026-04-22 11:03:42,596 INFO train: step 41000 (70.8%) | loss: 1.328511 | lrm: 0.42 | mfu: 8.3% | epoch: 13 | remaining: 21045s
2026-04-22 11:04:44,705 INFO train: step 41050 (70.9%) | loss: 1.350902 | lrm: 0.42 | mfu: 8.2% | epoch: 13 | remaining: 20983s
2026-04-22 11:05:46,810 INFO train: step 41100 (70.9%) | loss: 1.347142 | lrm: 0.42 | mfu: 8.3% | epoch: 13 | remaining: 20921s
2026-04-22 11:06:48,934 INFO train: step 41150 (71.0%) | loss: 1.325991 | lrm: 0.41 | mfu: 8.3% | epoch: 13 | remaining: 20859s
2026-04-22 11:07:51,056 INFO train: step 41200 (71.1%) | loss: 1.339664 | lrm: 0.41 | mfu: 8.3% | epoch: 13 | remaining: 20797s
2026-04-22 11:08:53,175 INFO train: step 41250 (71.2%) | loss: 1.346896 | lrm: 0.41 | mfu: 8.2% | epoch: 13 | remaining: 20735s
2026-04-22 11:09:55,299 INFO train: step 41300 (71.3%) | loss: 1.342212 | lrm: 0.41 | mfu: 8.3% | epoch: 13 | remaining: 20673s
2026-04-22 11:10:57,421 INFO train: step 41350 (71.4%) | loss: 1.343042 | lrm: 0.41 | mfu: 8.2% | epoch: 13 | remaining: 20610s
2026-04-22 11:11:59,537 INFO train: step 41400 (71.5%) | loss: 1.328795 | lrm: 0.41 | mfu: 8.3% | epoch: 13 | remaining: 20548s
2026-04-22 11:13:01,646 INFO train: step 41450 (71.5%) | loss: 1.340190 | lrm: 0.41 | mfu: 8.2% | epoch: 13 | remaining: 20486s
2026-04-22 11:14:03,756 INFO train: step 41500 (71.6%) | loss: 1.340936 | lrm: 0.41 | mfu: 8.3% | epoch: 13 | remaining: 20424s
2026-04-22 11:15:05,866 INFO train: step 41550 (71.7%) | loss: 1.335819 | lrm: 0.40 | mfu: 8.3% | epoch: 13 | remaining: 20362s
2026-04-22 11:16:07,983 INFO train: step 41600 (71.8%) | loss: 1.318979 | lrm: 0.40 | mfu: 8.2% | epoch: 13 | remaining: 20300s
2026-04-22 11:17:10,105 INFO train: step 41650 (71.9%) | loss: 1.320963 | lrm: 0.40 | mfu: 8.3% | epoch: 13 | remaining: 20238s
2026-04-22 11:18:12,226 INFO train: step 41700 (72.0%) | loss: 1.334332 | lrm: 0.40 | mfu: 8.3% | epoch: 13 | remaining: 20176s
2026-04-22 11:19:14,351 INFO train: step 41750 (72.1%) | loss: 1.327868 | lrm: 0.40 | mfu: 8.2% | epoch: 13 | remaining: 20114s
2026-04-22 11:20:16,475 INFO train: step 41800 (72.1%) | loss: 1.332108 | lrm: 0.40 | mfu: 8.3% | epoch: 13 | remaining: 20051s
2026-04-22 11:21:18,595 INFO train: step 41850 (72.2%) | loss: 1.340591 | lrm: 0.40 | mfu: 8.3% | epoch: 13 | remaining: 19989s
2026-04-22 11:22:20,707 INFO train: step 41900 (72.3%) | loss: 1.321317 | lrm: 0.40 | mfu: 8.3% | epoch: 13 | remaining: 19927s
2026-04-22 11:23:22,823 INFO train: step 41950 (72.4%) | loss: 1.338541 | lrm: 0.39 | mfu: 8.3% | epoch: 13 | remaining: 19865s
2026-04-22 11:24:24,952 INFO train: step 42000 (72.5%) | loss: 1.326066 | lrm: 0.39 | mfu: 8.2% | epoch: 13 | remaining: 19803s
2026-04-22 11:25:27,077 INFO train: step 42050 (72.6%) | loss: 1.326874 | lrm: 0.39 | mfu: 8.3% | epoch: 13 | remaining: 19741s
2026-04-22 11:26:29,215 INFO train: step 42100 (72.7%) | loss: 1.339428 | lrm: 0.39 | mfu: 8.3% | epoch: 13 | remaining: 19679s
2026-04-22 11:27:31,317 INFO train: step 42150 (72.8%) | loss: 1.333356 | lrm: 0.39 | mfu: 8.3% | epoch: 13 | remaining: 19617s
2026-04-22 11:28:33,416 INFO train: step 42200 (72.8%) | loss: 1.328081 | lrm: 0.39 | mfu: 8.3% | epoch: 13 | remaining: 19555s
2026-04-22 11:29:35,517 INFO train: step 42250 (72.9%) | loss: 1.351653 | lrm: 0.39 | mfu: 8.3% | epoch: 13 | remaining: 19493s
2026-04-22 11:30:37,624 INFO train: step 42300 (73.0%) | loss: 1.319299 | lrm: 0.39 | mfu: 8.3% | epoch: 13 | remaining: 19430s
2026-04-22 11:31:39,710 INFO train: step 42350 (73.1%) | loss: 1.351189 | lrm: 0.38 | mfu: 8.3% | epoch: 13 | remaining: 19368s
2026-04-22 11:32:41,797 INFO train: step 42400 (73.2%) | loss: 1.324638 | lrm: 0.38 | mfu: 8.3% | epoch: 13 | remaining: 19306s
2026-04-22 11:33:43,889 INFO train: step 42450 (73.3%) | loss: 1.315370 | lrm: 0.38 | mfu: 8.2% | epoch: 13 | remaining: 19244s
2026-04-22 11:34:45,973 INFO train: step 42500 (73.4%) | loss: 1.336056 | lrm: 0.38 | mfu: 8.2% | epoch: 13 | remaining: 19182s
2026-04-22 11:35:48,056 INFO train: step 42550 (73.4%) | loss: 1.324879 | lrm: 0.38 | mfu: 8.3% | epoch: 13 | remaining: 19120s
2026-04-22 11:36:50,129 INFO train: step 42600 (73.5%) | loss: 1.329401 | lrm: 0.38 | mfu: 8.3% | epoch: 13 | remaining: 19058s
2026-04-22 11:37:52,214 INFO train: step 42650 (73.6%) | loss: 1.340018 | lrm: 0.38 | mfu: 8.3% | epoch: 13 | remaining: 18996s
2026-04-22 11:38:54,301 INFO train: step 42700 (73.7%) | loss: 1.328570 | lrm: 0.38 | mfu: 8.3% | epoch: 13 | remaining: 18934s
2026-04-22 11:39:56,399 INFO train: step 42750 (73.8%) | loss: 1.316858 | lrm: 0.37 | mfu: 8.3% | epoch: 13 | remaining: 18872s
2026-04-22 11:40:58,477 INFO train: step 42800 (73.9%) | loss: 1.314025 | lrm: 0.37 | mfu: 8.3% | epoch: 13 | remaining: 18810s
2026-04-22 11:42:00,555 INFO train: step 42850 (74.0%) | loss: 1.318976 | lrm: 0.37 | mfu: 8.3% | epoch: 13 | remaining: 18748s
2026-04-22 11:43:02,637 INFO train: step 42900 (74.0%) | loss: 1.297014 | lrm: 0.37 | mfu: 8.3% | epoch: 13 | remaining: 18686s
2026-04-22 11:44:04,719 INFO train: step 42950 (74.1%) | loss: 1.310323 | lrm: 0.37 | mfu: 8.3% | epoch: 13 | remaining: 18623s
2026-04-22 11:45:06,808 INFO train: step 43000 (74.2%) | loss: 1.327536 | lrm: 0.37 | mfu: 8.3% | epoch: 13 | remaining: 18561s
2026-04-22 11:46:08,892 INFO train: step 43050 (74.3%) | loss: 1.316221 | lrm: 0.37 | mfu: 8.3% | epoch: 13 | remaining: 18499s
2026-04-22 11:47:10,981 INFO train: step 43100 (74.4%) | loss: 1.318650 | lrm: 0.37 | mfu: 8.3% | epoch: 13 | remaining: 18437s
2026-04-22 11:48:13,071 INFO train: step 43150 (74.5%) | loss: 1.328985 | lrm: 0.36 | mfu: 8.3% | epoch: 13 | remaining: 18375s
2026-04-22 11:49:15,166 INFO train: step 43200 (74.6%) | loss: 1.315440 | lrm: 0.36 | mfu: 8.3% | epoch: 13 | remaining: 18313s
2026-04-22 11:50:17,249 INFO train: step 43250 (74.6%) | loss: 1.342291 | lrm: 0.36 | mfu: 8.3% | epoch: 13 | remaining: 18251s
2026-04-22 11:51:19,335 INFO train: step 43300 (74.7%) | loss: 1.298262 | lrm: 0.36 | mfu: 8.3% | epoch: 13 | remaining: 18189s
2026-04-22 11:52:21,424 INFO train: step 43350 (74.8%) | loss: 1.309581 | lrm: 0.36 | mfu: 8.3% | epoch: 13 | remaining: 18127s
2026-04-22 11:53:23,509 INFO train: step 43400 (74.9%) | loss: 1.305009 | lrm: 0.36 | mfu: 8.3% | epoch: 13 | remaining: 18065s
2026-04-22 11:54:25,603 INFO train: step 43450 (75.0%) | loss: 1.321757 | lrm: 0.36 | mfu: 8.3% | epoch: 13 | remaining: 18003s
2026-04-22 11:55:27,682 INFO train: step 43500 (75.1%) | loss: 1.314169 | lrm: 0.36 | mfu: 8.3% | epoch: 13 | remaining: 17941s
2026-04-22 11:56:29,752 INFO train: step 43550 (75.2%) | loss: 1.310054 | lrm: 0.35 | mfu: 8.3% | epoch: 13 | remaining: 17878s
2026-04-22 11:57:31,845 INFO train: step 43600 (75.3%) | loss: 1.330232 | lrm: 0.35 | mfu: 8.3% | epoch: 13 | remaining: 17816s
2026-04-22 11:58:33,964 INFO train: step 43650 (75.3%) | loss: 1.315442 | lrm: 0.35 | mfu: 8.3% | epoch: 13 | remaining: 17754s
2026-04-22 11:59:36,082 INFO train: step 43700 (75.4%) | loss: 1.307306 | lrm: 0.35 | mfu: 8.2% | epoch: 13 | remaining: 17692s
2026-04-22 12:00:38,193 INFO train: step 43750 (75.5%) | loss: 1.310798 | lrm: 0.35 | mfu: 8.3% | epoch: 13 | remaining: 17630s
2026-04-22 12:01:40,303 INFO train: step 43800 (75.6%) | loss: 1.304601 | lrm: 0.35 | mfu: 8.3% | epoch: 13 | remaining: 17568s
2026-04-22 12:02:42,411 INFO train: step 43850 (75.7%) | loss: 1.309782 | lrm: 0.35 | mfu: 8.3% | epoch: 13 | remaining: 17506s
2026-04-22 12:03:44,534 INFO train: step 43900 (75.8%) | loss: 1.330447 | lrm: 0.35 | mfu: 8.2% | epoch: 14 | remaining: 17444s
2026-04-22 12:04:46,653 INFO train: step 43950 (75.9%) | loss: 1.306752 | lrm: 0.34 | mfu: 8.2% | epoch: 14 | remaining: 17382s
2026-04-22 12:05:48,769 INFO train: step 44000 (75.9%) | loss: 1.310670 | lrm: 0.34 | mfu: 8.3% | epoch: 14 | remaining: 17320s
2026-04-22 12:06:50,888 INFO train: step 44050 (76.0%) | loss: 1.311868 | lrm: 0.34 | mfu: 8.3% | epoch: 14 | remaining: 17257s
2026-04-22 12:07:53,003 INFO train: step 44100 (76.1%) | loss: 1.322669 | lrm: 0.34 | mfu: 8.2% | epoch: 14 | remaining: 17195s
2026-04-22 12:08:55,119 INFO train: step 44150 (76.2%) | loss: 1.322322 | lrm: 0.34 | mfu: 8.3% | epoch: 14 | remaining: 17133s
2026-04-22 12:09:57,227 INFO train: step 44200 (76.3%) | loss: 1.307437 | lrm: 0.34 | mfu: 8.3% | epoch: 14 | remaining: 17071s
2026-04-22 12:10:59,337 INFO train: step 44250 (76.4%) | loss: 1.304033 | lrm: 0.34 | mfu: 8.3% | epoch: 14 | remaining: 17009s
2026-04-22 12:12:01,453 INFO train: step 44300 (76.5%) | loss: 1.332276 | lrm: 0.34 | mfu: 8.3% | epoch: 14 | remaining: 16947s
2026-04-22 12:13:03,574 INFO train: step 44350 (76.5%) | loss: 1.291033 | lrm: 0.34 | mfu: 8.3% | epoch: 14 | remaining: 16885s
2026-04-22 12:14:05,700 INFO train: step 44400 (76.6%) | loss: 1.314885 | lrm: 0.33 | mfu: 8.3% | epoch: 14 | remaining: 16823s
2026-04-22 12:15:07,815 INFO train: step 44450 (76.7%) | loss: 1.312821 | lrm: 0.33 | mfu: 8.2% | epoch: 14 | remaining: 16761s
2026-04-22 12:16:09,939 INFO train: step 44500 (76.8%) | loss: 1.298462 | lrm: 0.33 | mfu: 8.3% | epoch: 14 | remaining: 16698s
2026-04-22 12:17:12,067 INFO train: step 44550 (76.9%) | loss: 1.294259 | lrm: 0.33 | mfu: 8.2% | epoch: 14 | remaining: 16636s
2026-04-22 12:18:14,192 INFO train: step 44600 (77.0%) | loss: 1.314613 | lrm: 0.33 | mfu: 8.2% | epoch: 14 | remaining: 16574s
2026-04-22 12:19:16,297 INFO train: step 44650 (77.1%) | loss: 1.298181 | lrm: 0.33 | mfu: 8.3% | epoch: 14 | remaining: 16512s
2026-04-22 12:20:18,411 INFO train: step 44700 (77.2%) | loss: 1.293174 | lrm: 0.33 | mfu: 8.3% | epoch: 14 | remaining: 16450s
2026-04-22 12:21:20,531 INFO train: step 44750 (77.2%) | loss: 1.312628 | lrm: 0.33 | mfu: 8.3% | epoch: 14 | remaining: 16388s
2026-04-22 12:22:22,649 INFO train: step 44800 (77.3%) | loss: 1.299698 | lrm: 0.32 | mfu: 8.3% | epoch: 14 | remaining: 16326s
2026-04-22 12:23:24,763 INFO train: step 44850 (77.4%) | loss: 1.290577 | lrm: 0.32 | mfu: 8.3% | epoch: 14 | remaining: 16264s
2026-04-22 12:24:26,878 INFO train: step 44900 (77.5%) | loss: 1.284283 | lrm: 0.32 | mfu: 8.2% | epoch: 14 | remaining: 16202s
2026-04-22 12:25:29,003 INFO train: step 44950 (77.6%) | loss: 1.282411 | lrm: 0.32 | mfu: 8.3% | epoch: 14 | remaining: 16139s
2026-04-22 12:26:31,950 INFO train: step 45000 (77.7%) | loss: 1.298454 | lrm: 0.32 | mfu: 8.3% | epoch: 14 | remaining: 16077s
2026-04-22 12:27:34,071 INFO train: step 45050 (77.8%) | loss: 1.313796 | lrm: 0.32 | mfu: 8.3% | epoch: 14 | remaining: 16015s
2026-04-22 12:28:36,188 INFO train: step 45100 (77.8%) | loss: 1.310951 | lrm: 0.32 | mfu: 8.3% | epoch: 14 | remaining: 15953s
2026-04-22 12:29:38,297 INFO train: step 45150 (77.9%) | loss: 1.290207 | lrm: 0.32 | mfu: 8.3% | epoch: 14 | remaining: 15891s
2026-04-22 12:30:40,413 INFO train: step 45200 (78.0%) | loss: 1.301742 | lrm: 0.31 | mfu: 8.3% | epoch: 14 | remaining: 15829s
2026-04-22 12:31:42,536 INFO train: step 45250 (78.1%) | loss: 1.295576 | lrm: 0.31 | mfu: 8.3% | epoch: 14 | remaining: 15767s
2026-04-22 12:32:44,669 INFO train: step 45300 (78.2%) | loss: 1.309475 | lrm: 0.31 | mfu: 8.2% | epoch: 14 | remaining: 15705s
2026-04-22 12:33:46,784 INFO train: step 45350 (78.3%) | loss: 1.298077 | lrm: 0.31 | mfu: 8.2% | epoch: 14 | remaining: 15643s
2026-04-22 12:34:48,901 INFO train: step 45400 (78.4%) | loss: 1.293737 | lrm: 0.31 | mfu: 8.2% | epoch: 14 | remaining: 15580s
2026-04-22 12:35:51,022 INFO train: step 45450 (78.4%) | loss: 1.299306 | lrm: 0.31 | mfu: 8.3% | epoch: 14 | remaining: 15518s
2026-04-22 12:36:53,151 INFO train: step 45500 (78.5%) | loss: 1.306972 | lrm: 0.31 | mfu: 8.2% | epoch: 14 | remaining: 15456s
2026-04-22 12:37:55,267 INFO train: step 45550 (78.6%) | loss: 1.303687 | lrm: 0.31 | mfu: 8.2% | epoch: 14 | remaining: 15394s
2026-04-22 12:38:57,381 INFO train: step 45600 (78.7%) | loss: 1.301468 | lrm: 0.30 | mfu: 8.3% | epoch: 14 | remaining: 15332s
2026-04-22 12:39:59,504 INFO train: step 45650 (78.8%) | loss: 1.295127 | lrm: 0.30 | mfu: 8.2% | epoch: 14 | remaining: 15270s
2026-04-22 12:41:01,625 INFO train: step 45700 (78.9%) | loss: 1.310268 | lrm: 0.30 | mfu: 8.3% | epoch: 14 | remaining: 15208s
2026-04-22 12:42:03,748 INFO train: step 45750 (79.0%) | loss: 1.292254 | lrm: 0.30 | mfu: 8.3% | epoch: 14 | remaining: 15146s
2026-04-22 12:43:05,868 INFO train: step 45800 (79.0%) | loss: 1.306695 | lrm: 0.30 | mfu: 8.3% | epoch: 14 | remaining: 15084s
2026-04-22 12:44:07,991 INFO train: step 45850 (79.1%) | loss: 1.291249 | lrm: 0.30 | mfu: 8.3% | epoch: 14 | remaining: 15021s
2026-04-22 12:45:10,115 INFO train: step 45900 (79.2%) | loss: 1.316660 | lrm: 0.30 | mfu: 8.2% | epoch: 14 | remaining: 14959s
2026-04-22 12:46:12,242 INFO train: step 45950 (79.3%) | loss: 1.287009 | lrm: 0.30 | mfu: 8.3% | epoch: 14 | remaining: 14897s
2026-04-22 12:47:14,366 INFO train: step 46000 (79.4%) | loss: 1.276928 | lrm: 0.29 | mfu: 8.3% | epoch: 14 | remaining: 14835s
2026-04-22 12:48:16,481 INFO train: step 46050 (79.5%) | loss: 1.301992 | lrm: 0.29 | mfu: 8.3% | epoch: 14 | remaining: 14773s
2026-04-22 12:49:18,604 INFO train: step 46100 (79.6%) | loss: 1.293371 | lrm: 0.29 | mfu: 8.3% | epoch: 14 | remaining: 14711s
2026-04-22 12:50:20,734 INFO train: step 46150 (79.7%) | loss: 1.272080 | lrm: 0.29 | mfu: 8.2% | epoch: 14 | remaining: 14649s
2026-04-22 12:51:22,862 INFO train: step 46200 (79.7%) | loss: 1.277997 | lrm: 0.29 | mfu: 8.3% | epoch: 14 | remaining: 14587s
2026-04-22 12:52:24,997 INFO train: step 46250 (79.8%) | loss: 1.291054 | lrm: 0.29 | mfu: 8.3% | epoch: 14 | remaining: 14524s
2026-04-22 12:53:27,119 INFO train: step 46300 (79.9%) | loss: 1.280152 | lrm: 0.29 | mfu: 8.2% | epoch: 14 | remaining: 14462s
2026-04-22 12:54:29,251 INFO train: step 46350 (80.0%) | loss: 1.292555 | lrm: 0.29 | mfu: 8.3% | epoch: 14 | remaining: 14400s
2026-04-22 12:55:31,381 INFO train: step 46400 (80.1%) | loss: 1.290359 | lrm: 0.28 | mfu: 8.3% | epoch: 14 | remaining: 14338s
2026-04-22 12:56:33,486 INFO train: step 46450 (80.2%) | loss: 1.289444 | lrm: 0.28 | mfu: 8.3% | epoch: 14 | remaining: 14276s
2026-04-22 12:57:35,570 INFO train: step 46500 (80.3%) | loss: 1.297173 | lrm: 0.28 | mfu: 8.3% | epoch: 14 | remaining: 14214s
2026-04-22 12:58:37,659 INFO train: step 46550 (80.3%) | loss: 1.286353 | lrm: 0.28 | mfu: 8.3% | epoch: 14 | remaining: 14152s
2026-04-22 12:59:39,740 INFO train: step 46600 (80.4%) | loss: 1.288712 | lrm: 0.28 | mfu: 8.3% | epoch: 14 | remaining: 14090s
2026-04-22 13:00:41,824 INFO train: step 46650 (80.5%) | loss: 1.265270 | lrm: 0.28 | mfu: 8.3% | epoch: 14 | remaining: 14028s
2026-04-22 13:01:43,920 INFO train: step 46700 (80.6%) | loss: 1.272098 | lrm: 0.28 | mfu: 8.3% | epoch: 14 | remaining: 13966s
2026-04-22 13:02:46,018 INFO train: step 46750 (80.7%) | loss: 1.280950 | lrm: 0.28 | mfu: 8.3% | epoch: 14 | remaining: 13904s
2026-04-22 13:03:48,119 INFO train: step 46800 (80.8%) | loss: 1.300365 | lrm: 0.27 | mfu: 8.3% | epoch: 14 | remaining: 13841s
2026-04-22 13:04:50,220 INFO train: step 46850 (80.9%) | loss: 1.286371 | lrm: 0.27 | mfu: 8.3% | epoch: 14 | remaining: 13779s
2026-04-22 13:05:52,328 INFO train: step 46900 (80.9%) | loss: 1.287788 | lrm: 0.27 | mfu: 8.3% | epoch: 14 | remaining: 13717s
2026-04-22 13:06:54,424 INFO train: step 46950 (81.0%) | loss: 1.272053 | lrm: 0.27 | mfu: 8.3% | epoch: 14 | remaining: 13655s
2026-04-22 13:07:56,511 INFO train: step 47000 (81.1%) | loss: 1.291688 | lrm: 0.27 | mfu: 8.3% | epoch: 14 | remaining: 13593s
2026-04-22 13:08:58,603 INFO train: step 47050 (81.2%) | loss: 1.273160 | lrm: 0.27 | mfu: 8.3% | epoch: 14 | remaining: 13531s
2026-04-22 13:10:00,689 INFO train: step 47100 (81.3%) | loss: 1.264817 | lrm: 0.27 | mfu: 8.2% | epoch: 14 | remaining: 13469s
2026-04-22 13:11:02,787 INFO train: step 47150 (81.4%) | loss: 1.287281 | lrm: 0.27 | mfu: 8.3% | epoch: 14 | remaining: 13407s
2026-04-22 13:12:04,874 INFO train: step 47200 (81.5%) | loss: 1.286821 | lrm: 0.26 | mfu: 8.3% | epoch: 14 | remaining: 13345s
2026-04-22 13:13:06,967 INFO train: step 47250 (81.6%) | loss: 1.293435 | lrm: 0.26 | mfu: 8.2% | epoch: 15 | remaining: 13283s
2026-04-22 13:14:09,069 INFO train: step 47300 (81.6%) | loss: 1.278261 | lrm: 0.26 | mfu: 8.3% | epoch: 15 | remaining: 13221s
2026-04-22 13:15:11,177 INFO train: step 47350 (81.7%) | loss: 1.280251 | lrm: 0.26 | mfu: 8.3% | epoch: 15 | remaining: 13158s
2026-04-22 13:16:13,272 INFO train: step 47400 (81.8%) | loss: 1.270187 | lrm: 0.26 | mfu: 8.3% | epoch: 15 | remaining: 13096s
2026-04-22 13:17:15,360 INFO train: step 47450 (81.9%) | loss: 1.279436 | lrm: 0.26 | mfu: 8.3% | epoch: 15 | remaining: 13034s
2026-04-22 13:18:17,452 INFO train: step 47500 (82.0%) | loss: 1.261747 | lrm: 0.26 | mfu: 8.3% | epoch: 15 | remaining: 12972s
2026-04-22 13:19:19,545 INFO train: step 47550 (82.1%) | loss: 1.302093 | lrm: 0.26 | mfu: 8.3% | epoch: 15 | remaining: 12910s
2026-04-22 13:20:21,635 INFO train: step 47600 (82.2%) | loss: 1.256797 | lrm: 0.25 | mfu: 8.2% | epoch: 15 | remaining: 12848s
2026-04-22 13:21:23,730 INFO train: step 47650 (82.2%) | loss: 1.281650 | lrm: 0.25 | mfu: 8.3% | epoch: 15 | remaining: 12786s
2026-04-22 13:22:25,824 INFO train: step 47700 (82.3%) | loss: 1.270143 | lrm: 0.25 | mfu: 8.3% | epoch: 15 | remaining: 12724s
2026-04-22 13:23:27,933 INFO train: step 47750 (82.4%) | loss: 1.260873 | lrm: 0.25 | mfu: 8.3% | epoch: 15 | remaining: 12662s
2026-04-22 13:24:30,038 INFO train: step 47800 (82.5%) | loss: 1.264748 | lrm: 0.25 | mfu: 8.3% | epoch: 15 | remaining: 12600s
2026-04-22 13:25:32,151 INFO train: step 47850 (82.6%) | loss: 1.276135 | lrm: 0.25 | mfu: 8.3% | epoch: 15 | remaining: 12538s
2026-04-22 13:26:34,252 INFO train: step 47900 (82.7%) | loss: 1.258141 | lrm: 0.25 | mfu: 8.3% | epoch: 15 | remaining: 12475s
2026-04-22 13:27:36,352 INFO train: step 47950 (82.8%) | loss: 1.271458 | lrm: 0.25 | mfu: 8.3% | epoch: 15 | remaining: 12413s
2026-04-22 13:28:38,457 INFO train: step 48000 (82.8%) | loss: 1.285989 | lrm: 0.25 | mfu: 8.3% | epoch: 15 | remaining: 12351s
2026-04-22 13:29:40,574 INFO train: step 48050 (82.9%) | loss: 1.280862 | lrm: 0.24 | mfu: 8.3% | epoch: 15 | remaining: 12289s
2026-04-22 13:30:42,694 INFO train: step 48100 (83.0%) | loss: 1.264309 | lrm: 0.24 | mfu: 8.2% | epoch: 15 | remaining: 12227s
2026-04-22 13:31:44,815 INFO train: step 48150 (83.1%) | loss: 1.272787 | lrm: 0.24 | mfu: 8.3% | epoch: 15 | remaining: 12165s
2026-04-22 13:32:46,947 INFO train: step 48200 (83.2%) | loss: 1.273395 | lrm: 0.24 | mfu: 8.3% | epoch: 15 | remaining: 12103s
2026-04-22 13:33:49,072 INFO train: step 48250 (83.3%) | loss: 1.266902 | lrm: 0.24 | mfu: 8.3% | epoch: 15 | remaining: 12041s
2026-04-22 13:34:51,204 INFO train: step 48300 (83.4%) | loss: 1.254497 | lrm: 0.24 | mfu: 8.3% | epoch: 15 | remaining: 11979s
2026-04-22 13:35:53,313 INFO train: step 48350 (83.4%) | loss: 1.240086 | lrm: 0.24 | mfu: 8.3% | epoch: 15 | remaining: 11916s
2026-04-22 13:36:55,428 INFO train: step 48400 (83.5%) | loss: 1.248949 | lrm: 0.24 | mfu: 8.3% | epoch: 15 | remaining: 11854s
2026-04-22 13:37:57,541 INFO train: step 48450 (83.6%) | loss: 1.263376 | lrm: 0.23 | mfu: 8.2% | epoch: 15 | remaining: 11792s
2026-04-22 13:38:59,658 INFO train: step 48500 (83.7%) | loss: 1.263100 | lrm: 0.23 | mfu: 8.3% | epoch: 15 | remaining: 11730s
2026-04-22 13:40:01,778 INFO train: step 48550 (83.8%) | loss: 1.261362 | lrm: 0.23 | mfu: 8.3% | epoch: 15 | remaining: 11668s
2026-04-22 13:41:03,893 INFO train: step 48600 (83.9%) | loss: 1.278237 | lrm: 0.23 | mfu: 8.3% | epoch: 15 | remaining: 11606s
2026-04-22 13:42:06,024 INFO train: step 48650 (84.0%) | loss: 1.263520 | lrm: 0.23 | mfu: 8.3% | epoch: 15 | remaining: 11544s
2026-04-22 13:43:08,152 INFO train: step 48700 (84.1%) | loss: 1.279533 | lrm: 0.23 | mfu: 8.2% | epoch: 15 | remaining: 11482s
2026-04-22 13:44:10,290 INFO train: step 48750 (84.1%) | loss: 1.265136 | lrm: 0.23 | mfu: 8.2% | epoch: 15 | remaining: 11420s
2026-04-22 13:45:12,411 INFO train: step 48800 (84.2%) | loss: 1.245295 | lrm: 0.23 | mfu: 8.3% | epoch: 15 | remaining: 11357s
2026-04-22 13:46:14,533 INFO train: step 48850 (84.3%) | loss: 1.245359 | lrm: 0.22 | mfu: 8.3% | epoch: 15 | remaining: 11295s
2026-04-22 13:47:16,656 INFO train: step 48900 (84.4%) | loss: 1.267096 | lrm: 0.22 | mfu: 8.2% | epoch: 15 | remaining: 11233s
2026-04-22 13:48:18,775 INFO train: step 48950 (84.5%) | loss: 1.259569 | lrm: 0.22 | mfu: 8.3% | epoch: 15 | remaining: 11171s
2026-04-22 13:49:20,898 INFO train: step 49000 (84.6%) | loss: 1.280621 | lrm: 0.22 | mfu: 8.3% | epoch: 15 | remaining: 11109s
2026-04-22 13:50:23,013 INFO train: step 49050 (84.7%) | loss: 1.253380 | lrm: 0.22 | mfu: 8.3% | epoch: 15 | remaining: 11047s
2026-04-22 13:51:25,132 INFO train: step 49100 (84.7%) | loss: 1.271155 | lrm: 0.22 | mfu: 8.3% | epoch: 15 | remaining: 10985s
2026-04-22 13:52:27,259 INFO train: step 49150 (84.8%) | loss: 1.239902 | lrm: 0.22 | mfu: 8.3% | epoch: 15 | remaining: 10923s
2026-04-22 13:53:29,394 INFO train: step 49200 (84.9%) | loss: 1.255570 | lrm: 0.22 | mfu: 8.2% | epoch: 15 | remaining: 10861s
2026-04-22 13:54:31,527 INFO train: step 49250 (85.0%) | loss: 1.258037 | lrm: 0.21 | mfu: 8.2% | epoch: 15 | remaining: 10798s
2026-04-22 13:55:33,653 INFO train: step 49300 (85.1%) | loss: 1.261552 | lrm: 0.21 | mfu: 8.3% | epoch: 15 | remaining: 10736s
2026-04-22 13:56:35,780 INFO train: step 49350 (85.2%) | loss: 1.272520 | lrm: 0.21 | mfu: 8.3% | epoch: 15 | remaining: 10674s
2026-04-22 13:57:37,907 INFO train: step 49400 (85.3%) | loss: 1.269386 | lrm: 0.21 | mfu: 8.2% | epoch: 15 | remaining: 10612s
2026-04-22 13:58:40,052 INFO train: step 49450 (85.3%) | loss: 1.252378 | lrm: 0.21 | mfu: 8.2% | epoch: 15 | remaining: 10550s
2026-04-22 13:59:42,184 INFO train: step 49500 (85.4%) | loss: 1.237194 | lrm: 0.21 | mfu: 8.3% | epoch: 15 | remaining: 10488s
2026-04-22 14:00:44,258 INFO train: step 49550 (85.5%) | loss: 1.238654 | lrm: 0.21 | mfu: 8.3% | epoch: 15 | remaining: 10426s
2026-04-22 14:01:46,375 INFO train: step 49600 (85.6%) | loss: 1.261283 | lrm: 0.21 | mfu: 8.3% | epoch: 15 | remaining: 10364s
2026-04-22 14:02:48,524 INFO train: step 49650 (85.7%) | loss: 1.247414 | lrm: 0.20 | mfu: 8.3% | epoch: 15 | remaining: 10301s
2026-04-22 14:03:50,661 INFO train: step 49700 (85.8%) | loss: 1.257260 | lrm: 0.20 | mfu: 8.3% | epoch: 15 | remaining: 10239s
2026-04-22 14:04:52,798 INFO train: step 49750 (85.9%) | loss: 1.255877 | lrm: 0.20 | mfu: 8.3% | epoch: 15 | remaining: 10177s
2026-04-22 14:05:54,929 INFO train: step 49800 (85.9%) | loss: 1.246226 | lrm: 0.20 | mfu: 8.3% | epoch: 15 | remaining: 10115s
2026-04-22 14:06:57,058 INFO train: step 49850 (86.0%) | loss: 1.245190 | lrm: 0.20 | mfu: 8.3% | epoch: 15 | remaining: 10053s
2026-04-22 14:07:59,194 INFO train: step 49900 (86.1%) | loss: 1.253208 | lrm: 0.20 | mfu: 8.2% | epoch: 15 | remaining: 9991s
2026-04-22 14:09:01,334 INFO train: step 49950 (86.2%) | loss: 1.253462 | lrm: 0.20 | mfu: 8.2% | epoch: 15 | remaining: 9929s
2026-04-22 14:10:04,250 INFO train: step 50000 (86.3%) | loss: 1.251883 | lrm: 0.20 | mfu: 8.3% | epoch: 15 | remaining: 9867s
2026-04-22 14:11:06,289 INFO train: step 50050 (86.4%) | loss: 1.219056 | lrm: 0.19 | mfu: 8.3% | epoch: 15 | remaining: 9805s
2026-04-22 14:12:08,356 INFO train: step 50100 (86.5%) | loss: 1.239679 | lrm: 0.19 | mfu: 8.3% | epoch: 15 | remaining: 9742s
2026-04-22 14:13:10,423 INFO train: step 50150 (86.6%) | loss: 1.222217 | lrm: 0.19 | mfu: 8.3% | epoch: 15 | remaining: 9680s
2026-04-22 14:14:12,504 INFO train: step 50200 (86.6%) | loss: 1.252881 | lrm: 0.19 | mfu: 8.3% | epoch: 15 | remaining: 9618s
2026-04-22 14:15:14,566 INFO train: step 50250 (86.7%) | loss: 1.233885 | lrm: 0.19 | mfu: 8.3% | epoch: 15 | remaining: 9556s
2026-04-22 14:16:16,636 INFO train: step 50300 (86.8%) | loss: 1.240231 | lrm: 0.19 | mfu: 8.3% | epoch: 15 | remaining: 9494s
2026-04-22 14:17:18,701 INFO train: step 50350 (86.9%) | loss: 1.241736 | lrm: 0.19 | mfu: 8.3% | epoch: 15 | remaining: 9432s
2026-04-22 14:18:20,757 INFO train: step 50400 (87.0%) | loss: 1.249052 | lrm: 0.19 | mfu: 8.3% | epoch: 15 | remaining: 9370s
2026-04-22 14:19:22,820 INFO train: step 50450 (87.1%) | loss: 1.248645 | lrm: 0.18 | mfu: 8.3% | epoch: 15 | remaining: 9308s
2026-04-22 14:20:24,869 INFO train: step 50500 (87.2%) | loss: 1.230334 | lrm: 0.18 | mfu: 8.3% | epoch: 15 | remaining: 9246s
2026-04-22 14:21:26,932 INFO train: step 50550 (87.2%) | loss: 1.237080 | lrm: 0.18 | mfu: 8.3% | epoch: 15 | remaining: 9184s
2026-04-22 14:22:28,999 INFO train: step 50600 (87.3%) | loss: 1.241043 | lrm: 0.18 | mfu: 8.3% | epoch: 15 | remaining: 9122s
2026-04-22 14:23:31,062 INFO train: step 50650 (87.4%) | loss: 1.249491 | lrm: 0.18 | mfu: 8.3% | epoch: 16 | remaining: 9060s
2026-04-22 14:24:33,112 INFO train: step 50700 (87.5%) | loss: 1.226875 | lrm: 0.18 | mfu: 8.3% | epoch: 16 | remaining: 8998s
2026-04-22 14:25:35,162 INFO train: step 50750 (87.6%) | loss: 1.238635 | lrm: 0.18 | mfu: 8.3% | epoch: 16 | remaining: 8936s
2026-04-22 14:26:37,215 INFO train: step 50800 (87.7%) | loss: 1.234214 | lrm: 0.18 | mfu: 8.3% | epoch: 16 | remaining: 8874s
2026-04-22 14:27:39,262 INFO train: step 50850 (87.8%) | loss: 1.223375 | lrm: 0.17 | mfu: 8.3% | epoch: 16 | remaining: 8812s
2026-04-22 14:28:41,314 INFO train: step 50900 (87.8%) | loss: 1.234204 | lrm: 0.17 | mfu: 8.3% | epoch: 16 | remaining: 8750s
2026-04-22 14:29:43,366 INFO train: step 50950 (87.9%) | loss: 1.242419 | lrm: 0.17 | mfu: 8.3% | epoch: 16 | remaining: 8688s
2026-04-22 14:30:45,430 INFO train: step 51000 (88.0%) | loss: 1.230005 | lrm: 0.17 | mfu: 8.3% | epoch: 16 | remaining: 8626s
2026-04-22 14:31:47,492 INFO train: step 51050 (88.1%) | loss: 1.233866 | lrm: 0.17 | mfu: 8.3% | epoch: 16 | remaining: 8564s
2026-04-22 14:32:49,572 INFO train: step 51100 (88.2%) | loss: 1.218996 | lrm: 0.17 | mfu: 8.3% | epoch: 16 | remaining: 8501s
2026-04-22 14:33:51,649 INFO train: step 51150 (88.3%) | loss: 1.239879 | lrm: 0.17 | mfu: 8.3% | epoch: 16 | remaining: 8439s
2026-04-22 14:34:53,730 INFO train: step 51200 (88.4%) | loss: 1.233445 | lrm: 0.17 | mfu: 8.3% | epoch: 16 | remaining: 8377s
2026-04-22 14:35:55,808 INFO train: step 51250 (88.4%) | loss: 1.212104 | lrm: 0.17 | mfu: 8.3% | epoch: 16 | remaining: 8315s
2026-04-22 14:36:57,888 INFO train: step 51300 (88.5%) | loss: 1.215172 | lrm: 0.16 | mfu: 8.3% | epoch: 16 | remaining: 8253s
2026-04-22 14:37:59,968 INFO train: step 51350 (88.6%) | loss: 1.212868 | lrm: 0.16 | mfu: 8.3% | epoch: 16 | remaining: 8191s
2026-04-22 14:39:02,024 INFO train: step 51400 (88.7%) | loss: 1.228136 | lrm: 0.16 | mfu: 8.3% | epoch: 16 | remaining: 8129s
2026-04-22 14:40:04,069 INFO train: step 51450 (88.8%) | loss: 1.217514 | lrm: 0.16 | mfu: 8.3% | epoch: 16 | remaining: 8067s
2026-04-22 14:41:06,126 INFO train: step 51500 (88.9%) | loss: 1.216166 | lrm: 0.16 | mfu: 8.3% | epoch: 16 | remaining: 8005s
2026-04-22 14:42:08,186 INFO train: step 51550 (89.0%) | loss: 1.218730 | lrm: 0.16 | mfu: 8.3% | epoch: 16 | remaining: 7943s
2026-04-22 14:43:10,253 INFO train: step 51600 (89.1%) | loss: 1.216354 | lrm: 0.16 | mfu: 8.3% | epoch: 16 | remaining: 7881s
2026-04-22 14:44:12,309 INFO train: step 51650 (89.1%) | loss: 1.205665 | lrm: 0.16 | mfu: 8.3% | epoch: 16 | remaining: 7819s
2026-04-22 14:45:14,370 INFO train: step 51700 (89.2%) | loss: 1.208821 | lrm: 0.15 | mfu: 8.3% | epoch: 16 | remaining: 7757s
2026-04-22 14:46:16,427 INFO train: step 51750 (89.3%) | loss: 1.215366 | lrm: 0.15 | mfu: 8.3% | epoch: 16 | remaining: 7695s
2026-04-22 14:47:18,488 INFO train: step 51800 (89.4%) | loss: 1.215237 | lrm: 0.15 | mfu: 8.3% | epoch: 16 | remaining: 7633s
2026-04-22 14:48:20,557 INFO train: step 51850 (89.5%) | loss: 1.222202 | lrm: 0.15 | mfu: 8.3% | epoch: 16 | remaining: 7571s
2026-04-22 14:49:22,619 INFO train: step 51900 (89.6%) | loss: 1.211843 | lrm: 0.15 | mfu: 8.3% | epoch: 16 | remaining: 7509s
2026-04-22 14:50:24,689 INFO train: step 51950 (89.7%) | loss: 1.210299 | lrm: 0.15 | mfu: 8.3% | epoch: 16 | remaining: 7446s
2026-04-22 14:51:26,759 INFO train: step 52000 (89.7%) | loss: 1.208378 | lrm: 0.15 | mfu: 8.3% | epoch: 16 | remaining: 7384s
2026-04-22 14:52:28,839 INFO train: step 52050 (89.8%) | loss: 1.215263 | lrm: 0.15 | mfu: 8.3% | epoch: 16 | remaining: 7322s
2026-04-22 14:53:30,896 INFO train: step 52100 (89.9%) | loss: 1.212471 | lrm: 0.14 | mfu: 8.3% | epoch: 16 | remaining: 7260s
2026-04-22 14:54:32,966 INFO train: step 52150 (90.0%) | loss: 1.191705 | lrm: 0.14 | mfu: 8.3% | epoch: 16 | remaining: 7198s
2026-04-22 14:55:35,029 INFO train: step 52200 (90.1%) | loss: 1.231334 | lrm: 0.14 | mfu: 8.3% | epoch: 16 | remaining: 7136s
2026-04-22 14:56:37,085 INFO train: step 52250 (90.2%) | loss: 1.213916 | lrm: 0.14 | mfu: 8.3% | epoch: 16 | remaining: 7074s
2026-04-22 14:57:39,151 INFO train: step 52300 (90.3%) | loss: 1.206535 | lrm: 0.14 | mfu: 8.3% | epoch: 16 | remaining: 7012s
2026-04-22 14:58:41,211 INFO train: step 52350 (90.3%) | loss: 1.211896 | lrm: 0.14 | mfu: 8.3% | epoch: 16 | remaining: 6950s
2026-04-22 14:59:43,270 INFO train: step 52400 (90.4%) | loss: 1.209659 | lrm: 0.14 | mfu: 8.3% | epoch: 16 | remaining: 6888s
2026-04-22 15:00:45,331 INFO train: step 52450 (90.5%) | loss: 1.220383 | lrm: 0.14 | mfu: 8.3% | epoch: 16 | remaining: 6826s
2026-04-22 15:01:47,406 INFO train: step 52500 (90.6%) | loss: 1.200144 | lrm: 0.13 | mfu: 8.3% | epoch: 16 | remaining: 6764s
2026-04-22 15:02:49,472 INFO train: step 52550 (90.7%) | loss: 1.216197 | lrm: 0.13 | mfu: 8.3% | epoch: 16 | remaining: 6702s
2026-04-22 15:03:51,531 INFO train: step 52600 (90.8%) | loss: 1.205985 | lrm: 0.13 | mfu: 8.3% | epoch: 16 | remaining: 6640s
2026-04-22 15:04:53,589 INFO train: step 52650 (90.9%) | loss: 1.211046 | lrm: 0.13 | mfu: 8.3% | epoch: 16 | remaining: 6578s
2026-04-22 15:05:55,652 INFO train: step 52700 (90.9%) | loss: 1.195665 | lrm: 0.13 | mfu: 8.3% | epoch: 16 | remaining: 6516s
2026-04-22 15:06:57,715 INFO train: step 52750 (91.0%) | loss: 1.194671 | lrm: 0.13 | mfu: 8.3% | epoch: 16 | remaining: 6454s
2026-04-22 15:07:59,781 INFO train: step 52800 (91.1%) | loss: 1.203517 | lrm: 0.13 | mfu: 8.3% | epoch: 16 | remaining: 6391s
2026-04-22 15:09:01,846 INFO train: step 52850 (91.2%) | loss: 1.210014 | lrm: 0.13 | mfu: 8.3% | epoch: 16 | remaining: 6329s
2026-04-22 15:10:03,916 INFO train: step 52900 (91.3%) | loss: 1.187278 | lrm: 0.12 | mfu: 8.3% | epoch: 16 | remaining: 6267s
2026-04-22 15:11:05,993 INFO train: step 52950 (91.4%) | loss: 1.186604 | lrm: 0.12 | mfu: 8.3% | epoch: 16 | remaining: 6205s
2026-04-22 15:12:08,073 INFO train: step 53000 (91.5%) | loss: 1.199373 | lrm: 0.12 | mfu: 8.3% | epoch: 16 | remaining: 6143s
2026-04-22 15:13:10,133 INFO train: step 53050 (91.6%) | loss: 1.183801 | lrm: 0.12 | mfu: 8.3% | epoch: 16 | remaining: 6081s
2026-04-22 15:14:12,194 INFO train: step 53100 (91.6%) | loss: 1.188988 | lrm: 0.12 | mfu: 8.3% | epoch: 16 | remaining: 6019s
2026-04-22 15:15:14,255 INFO train: step 53150 (91.7%) | loss: 1.193979 | lrm: 0.12 | mfu: 8.3% | epoch: 16 | remaining: 5957s
2026-04-22 15:16:16,326 INFO train: step 53200 (91.8%) | loss: 1.194867 | lrm: 0.12 | mfu: 8.3% | epoch: 16 | remaining: 5895s
2026-04-22 15:17:18,406 INFO train: step 53250 (91.9%) | loss: 1.197705 | lrm: 0.12 | mfu: 8.3% | epoch: 16 | remaining: 5833s
2026-04-22 15:18:20,479 INFO train: step 53300 (92.0%) | loss: 1.190591 | lrm: 0.11 | mfu: 8.3% | epoch: 16 | remaining: 5771s
2026-04-22 15:19:22,569 INFO train: step 53350 (92.1%) | loss: 1.183661 | lrm: 0.11 | mfu: 8.3% | epoch: 16 | remaining: 5709s
2026-04-22 15:20:24,660 INFO train: step 53400 (92.2%) | loss: 1.189921 | lrm: 0.11 | mfu: 8.3% | epoch: 16 | remaining: 5647s
2026-04-22 15:21:26,756 INFO train: step 53450 (92.2%) | loss: 1.169351 | lrm: 0.11 | mfu: 8.3% | epoch: 16 | remaining: 5585s
2026-04-22 15:22:28,829 INFO train: step 53500 (92.3%) | loss: 1.174819 | lrm: 0.11 | mfu: 8.3% | epoch: 16 | remaining: 5523s
2026-04-22 15:23:30,909 INFO train: step 53550 (92.4%) | loss: 1.214022 | lrm: 0.11 | mfu: 8.3% | epoch: 16 | remaining: 5460s
2026-04-22 15:24:32,988 INFO train: step 53600 (92.5%) | loss: 1.191302 | lrm: 0.11 | mfu: 8.3% | epoch: 16 | remaining: 5398s
2026-04-22 15:25:35,071 INFO train: step 53650 (92.6%) | loss: 1.186689 | lrm: 0.11 | mfu: 8.3% | epoch: 16 | remaining: 5336s
2026-04-22 15:26:37,158 INFO train: step 53700 (92.7%) | loss: 1.185933 | lrm: 0.10 | mfu: 8.3% | epoch: 16 | remaining: 5274s
2026-04-22 15:27:39,241 INFO train: step 53750 (92.8%) | loss: 1.192975 | lrm: 0.10 | mfu: 8.3% | epoch: 16 | remaining: 5212s
2026-04-22 15:28:41,328 INFO train: step 53800 (92.8%) | loss: 1.176701 | lrm: 0.10 | mfu: 8.2% | epoch: 16 | remaining: 5150s
2026-04-22 15:29:43,426 INFO train: step 53850 (92.9%) | loss: 1.175712 | lrm: 0.10 | mfu: 8.3% | epoch: 16 | remaining: 5088s
2026-04-22 15:30:45,517 INFO train: step 53900 (93.0%) | loss: 1.178436 | lrm: 0.10 | mfu: 8.2% | epoch: 16 | remaining: 5026s
2026-04-22 15:31:47,604 INFO train: step 53950 (93.1%) | loss: 1.174141 | lrm: 0.10 | mfu: 8.3% | epoch: 16 | remaining: 4964s
2026-04-22 15:32:49,684 INFO train: step 54000 (93.2%) | loss: 1.197250 | lrm: 0.10 | mfu: 8.3% | epoch: 17 | remaining: 4902s
2026-04-22 15:33:51,768 INFO train: step 54050 (93.3%) | loss: 1.183758 | lrm: 0.10 | mfu: 8.3% | epoch: 17 | remaining: 4840s
2026-04-22 15:34:53,850 INFO train: step 54100 (93.4%) | loss: 1.191228 | lrm: 0.09 | mfu: 8.3% | epoch: 17 | remaining: 4778s
2026-04-22 15:35:55,944 INFO train: step 54150 (93.4%) | loss: 1.174729 | lrm: 0.09 | mfu: 8.3% | epoch: 17 | remaining: 4716s
2026-04-22 15:36:58,034 INFO train: step 54200 (93.5%) | loss: 1.178834 | lrm: 0.09 | mfu: 8.3% | epoch: 17 | remaining: 4653s
2026-04-22 15:38:00,114 INFO train: step 54250 (93.6%) | loss: 1.169428 | lrm: 0.09 | mfu: 8.3% | epoch: 17 | remaining: 4591s
2026-04-22 15:39:02,200 INFO train: step 54300 (93.7%) | loss: 1.176841 | lrm: 0.09 | mfu: 8.2% | epoch: 17 | remaining: 4529s
2026-04-22 15:40:04,285 INFO train: step 54350 (93.8%) | loss: 1.168039 | lrm: 0.09 | mfu: 8.3% | epoch: 17 | remaining: 4467s
2026-04-22 15:41:06,376 INFO train: step 54400 (93.9%) | loss: 1.184348 | lrm: 0.09 | mfu: 8.3% | epoch: 17 | remaining: 4405s
2026-04-22 15:42:08,456 INFO train: step 54450 (94.0%) | loss: 1.163989 | lrm: 0.09 | mfu: 8.3% | epoch: 17 | remaining: 4343s
2026-04-22 15:43:10,536 INFO train: step 54500 (94.1%) | loss: 1.155780 | lrm: 0.08 | mfu: 8.3% | epoch: 17 | remaining: 4281s
2026-04-22 15:44:12,623 INFO train: step 54550 (94.1%) | loss: 1.167338 | lrm: 0.08 | mfu: 8.3% | epoch: 17 | remaining: 4219s
2026-04-22 15:45:14,714 INFO train: step 54600 (94.2%) | loss: 1.180038 | lrm: 0.08 | mfu: 8.3% | epoch: 17 | remaining: 4157s
2026-04-22 15:46:16,806 INFO train: step 54650 (94.3%) | loss: 1.161197 | lrm: 0.08 | mfu: 8.3% | epoch: 17 | remaining: 4095s
2026-04-22 15:47:18,898 INFO train: step 54700 (94.4%) | loss: 1.174684 | lrm: 0.08 | mfu: 8.3% | epoch: 17 | remaining: 4033s
2026-04-22 15:48:20,982 INFO train: step 54750 (94.5%) | loss: 1.167287 | lrm: 0.08 | mfu: 8.3% | epoch: 17 | remaining: 3971s
2026-04-22 15:49:23,073 INFO train: step 54800 (94.6%) | loss: 1.173515 | lrm: 0.08 | mfu: 8.3% | epoch: 17 | remaining: 3908s
2026-04-22 15:50:25,176 INFO train: step 54850 (94.7%) | loss: 1.152075 | lrm: 0.08 | mfu: 8.3% | epoch: 17 | remaining: 3846s
2026-04-22 15:51:27,254 INFO train: step 54900 (94.7%) | loss: 1.159712 | lrm: 0.08 | mfu: 8.3% | epoch: 17 | remaining: 3784s
2026-04-22 15:52:29,343 INFO train: step 54950 (94.8%) | loss: 1.156446 | lrm: 0.07 | mfu: 8.3% | epoch: 17 | remaining: 3722s
2026-04-22 15:53:32,245 INFO train: step 55000 (94.9%) | loss: 1.157285 | lrm: 0.07 | mfu: 8.3% | epoch: 17 | remaining: 3660s
2026-04-22 15:54:34,300 INFO train: step 55050 (95.0%) | loss: 1.149790 | lrm: 0.07 | mfu: 8.3% | epoch: 17 | remaining: 3598s
2026-04-22 15:55:36,382 INFO train: step 55100 (95.1%) | loss: 1.140319 | lrm: 0.07 | mfu: 8.3% | epoch: 17 | remaining: 3536s
2026-04-22 15:56:38,461 INFO train: step 55150 (95.2%) | loss: 1.151906 | lrm: 0.07 | mfu: 8.2% | epoch: 17 | remaining: 3474s
2026-04-22 15:57:40,552 INFO train: step 55200 (95.3%) | loss: 1.144863 | lrm: 0.07 | mfu: 8.3% | epoch: 17 | remaining: 3412s
2026-04-22 15:58:42,650 INFO train: step 55250 (95.3%) | loss: 1.140781 | lrm: 0.07 | mfu: 8.3% | epoch: 17 | remaining: 3350s
2026-04-22 15:59:44,755 INFO train: step 55300 (95.4%) | loss: 1.147765 | lrm: 0.07 | mfu: 8.3% | epoch: 17 | remaining: 3288s
2026-04-22 16:00:46,844 INFO train: step 55350 (95.5%) | loss: 1.164812 | lrm: 0.06 | mfu: 8.3% | epoch: 17 | remaining: 3226s
2026-04-22 16:01:48,924 INFO train: step 55400 (95.6%) | loss: 1.148256 | lrm: 0.06 | mfu: 8.3% | epoch: 17 | remaining: 3164s
2026-04-22 16:02:51,011 INFO train: step 55450 (95.7%) | loss: 1.157794 | lrm: 0.06 | mfu: 8.3% | epoch: 17 | remaining: 3101s
2026-04-22 16:03:53,104 INFO train: step 55500 (95.8%) | loss: 1.141740 | lrm: 0.06 | mfu: 8.3% | epoch: 17 | remaining: 3039s
2026-04-22 16:04:55,201 INFO train: step 55550 (95.9%) | loss: 1.121284 | lrm: 0.06 | mfu: 8.3% | epoch: 17 | remaining: 2977s
2026-04-22 16:05:57,290 INFO train: step 55600 (95.9%) | loss: 1.142482 | lrm: 0.06 | mfu: 8.3% | epoch: 17 | remaining: 2915s
2026-04-22 16:06:59,383 INFO train: step 55650 (96.0%) | loss: 1.143576 | lrm: 0.06 | mfu: 8.3% | epoch: 17 | remaining: 2853s
2026-04-22 16:08:01,476 INFO train: step 55700 (96.1%) | loss: 1.126852 | lrm: 0.06 | mfu: 8.3% | epoch: 17 | remaining: 2791s
2026-04-22 16:09:03,573 INFO train: step 55750 (96.2%) | loss: 1.150338 | lrm: 0.05 | mfu: 8.3% | epoch: 17 | remaining: 2729s
2026-04-22 16:10:05,671 INFO train: step 55800 (96.3%) | loss: 1.147585 | lrm: 0.05 | mfu: 8.3% | epoch: 17 | remaining: 2667s
2026-04-22 16:11:07,759 INFO train: step 55850 (96.4%) | loss: 1.150443 | lrm: 0.05 | mfu: 8.3% | epoch: 17 | remaining: 2605s
2026-04-22 16:12:09,849 INFO train: step 55900 (96.5%) | loss: 1.131004 | lrm: 0.05 | mfu: 8.3% | epoch: 17 | remaining: 2543s
2026-04-22 16:13:11,934 INFO train: step 55950 (96.6%) | loss: 1.138512 | lrm: 0.05 | mfu: 8.3% | epoch: 17 | remaining: 2481s
2026-04-22 16:14:14,022 INFO train: step 56000 (96.6%) | loss: 1.136867 | lrm: 0.05 | mfu: 8.3% | epoch: 17 | remaining: 2419s
2026-04-22 16:15:16,119 INFO train: step 56050 (96.7%) | loss: 1.120065 | lrm: 0.05 | mfu: 8.3% | epoch: 17 | remaining: 2356s
2026-04-22 16:16:18,208 INFO train: step 56100 (96.8%) | loss: 1.135075 | lrm: 0.05 | mfu: 8.3% | epoch: 17 | remaining: 2294s
2026-04-22 16:17:20,308 INFO train: step 56150 (96.9%) | loss: 1.131572 | lrm: 0.04 | mfu: 8.2% | epoch: 17 | remaining: 2232s
2026-04-22 16:18:22,405 INFO train: step 56200 (97.0%) | loss: 1.128691 | lrm: 0.04 | mfu: 8.3% | epoch: 17 | remaining: 2170s
2026-04-22 16:19:24,508 INFO train: step 56250 (97.1%) | loss: 1.129787 | lrm: 0.04 | mfu: 8.2% | epoch: 17 | remaining: 2108s
2026-04-22 16:20:26,608 INFO train: step 56300 (97.2%) | loss: 1.126064 | lrm: 0.04 | mfu: 8.3% | epoch: 17 | remaining: 2046s
2026-04-22 16:21:28,700 INFO train: step 56350 (97.2%) | loss: 1.134724 | lrm: 0.04 | mfu: 8.2% | epoch: 17 | remaining: 1984s
2026-04-22 16:22:30,801 INFO train: step 56400 (97.3%) | loss: 1.126113 | lrm: 0.04 | mfu: 8.3% | epoch: 17 | remaining: 1922s
2026-04-22 16:23:32,910 INFO train: step 56450 (97.4%) | loss: 1.133067 | lrm: 0.04 | mfu: 8.3% | epoch: 17 | remaining: 1860s
2026-04-22 16:24:35,022 INFO train: step 56500 (97.5%) | loss: 1.118006 | lrm: 0.04 | mfu: 8.3% | epoch: 17 | remaining: 1798s
2026-04-22 16:25:37,131 INFO train: step 56550 (97.6%) | loss: 1.121629 | lrm: 0.03 | mfu: 8.2% | epoch: 17 | remaining: 1736s
2026-04-22 16:26:39,236 INFO train: step 56600 (97.7%) | loss: 1.115699 | lrm: 0.03 | mfu: 8.3% | epoch: 17 | remaining: 1673s
2026-04-22 16:27:41,344 INFO train: step 56650 (97.8%) | loss: 1.123305 | lrm: 0.03 | mfu: 8.3% | epoch: 17 | remaining: 1611s
2026-04-22 16:28:43,460 INFO train: step 56700 (97.8%) | loss: 1.125214 | lrm: 0.03 | mfu: 8.2% | epoch: 17 | remaining: 1549s
2026-04-22 16:29:45,563 INFO train: step 56750 (97.9%) | loss: 1.115041 | lrm: 0.03 | mfu: 8.3% | epoch: 17 | remaining: 1487s
2026-04-22 16:30:47,648 INFO train: step 56800 (98.0%) | loss: 1.107687 | lrm: 0.03 | mfu: 8.3% | epoch: 17 | remaining: 1425s
2026-04-22 16:31:49,738 INFO train: step 56850 (98.1%) | loss: 1.100529 | lrm: 0.03 | mfu: 8.3% | epoch: 17 | remaining: 1363s
2026-04-22 16:32:51,828 INFO train: step 56900 (98.2%) | loss: 1.107774 | lrm: 0.03 | mfu: 8.3% | epoch: 17 | remaining: 1301s
2026-04-22 16:33:53,925 INFO train: step 56950 (98.3%) | loss: 1.117132 | lrm: 0.02 | mfu: 8.3% | epoch: 17 | remaining: 1239s
2026-04-22 16:34:56,025 INFO train: step 57000 (98.4%) | loss: 1.117181 | lrm: 0.02 | mfu: 8.3% | epoch: 17 | remaining: 1177s
2026-04-22 16:35:58,127 INFO train: step 57050 (98.5%) | loss: 1.106852 | lrm: 0.02 | mfu: 8.3% | epoch: 17 | remaining: 1115s
2026-04-22 16:37:00,238 INFO train: step 57100 (98.5%) | loss: 1.116271 | lrm: 0.02 | mfu: 8.3% | epoch: 17 | remaining: 1053s
2026-04-22 16:38:02,353 INFO train: step 57150 (98.6%) | loss: 1.099967 | lrm: 0.02 | mfu: 8.2% | epoch: 17 | remaining: 990s
2026-04-22 16:39:04,457 INFO train: step 57200 (98.7%) | loss: 1.124831 | lrm: 0.02 | mfu: 8.3% | epoch: 17 | remaining: 928s
2026-04-22 16:40:06,553 INFO train: step 57250 (98.8%) | loss: 1.094607 | lrm: 0.02 | mfu: 8.3% | epoch: 17 | remaining: 866s
2026-04-22 16:41:08,644 INFO train: step 57300 (98.9%) | loss: 1.098501 | lrm: 0.02 | mfu: 8.3% | epoch: 17 | remaining: 804s
2026-04-22 16:42:10,741 INFO train: step 57350 (99.0%) | loss: 1.110836 | lrm: 0.01 | mfu: 8.3% | epoch: 18 | remaining: 742s
2026-04-22 16:43:12,844 INFO train: step 57400 (99.1%) | loss: 1.104529 | lrm: 0.01 | mfu: 8.3% | epoch: 18 | remaining: 680s
2026-04-22 16:44:14,954 INFO train: step 57450 (99.1%) | loss: 1.099860 | lrm: 0.01 | mfu: 8.2% | epoch: 18 | remaining: 618s
2026-04-22 16:45:17,060 INFO train: step 57500 (99.2%) | loss: 1.110145 | lrm: 0.01 | mfu: 8.3% | epoch: 18 | remaining: 556s
2026-04-22 16:46:19,166 INFO train: step 57550 (99.3%) | loss: 1.099906 | lrm: 0.01 | mfu: 8.3% | epoch: 18 | remaining: 494s
2026-04-22 16:47:21,276 INFO train: step 57600 (99.4%) | loss: 1.096264 | lrm: 0.01 | mfu: 8.2% | epoch: 18 | remaining: 432s
2026-04-22 16:48:23,383 INFO train: step 57650 (99.5%) | loss: 1.095734 | lrm: 0.01 | mfu: 8.3% | epoch: 18 | remaining: 369s
2026-04-22 16:49:25,479 INFO train: step 57700 (99.6%) | loss: 1.095914 | lrm: 0.01 | mfu: 8.3% | epoch: 18 | remaining: 307s
2026-04-22 16:50:27,577 INFO train: step 57750 (99.7%) | loss: 1.101841 | lrm: 0.00 | mfu: 8.2% | epoch: 18 | remaining: 245s
2026-04-22 16:51:29,675 INFO train: step 57800 (99.7%) | loss: 1.094761 | lrm: 0.00 | mfu: 8.2% | epoch: 18 | remaining: 183s
2026-04-22 16:52:31,786 INFO train: step 57850 (99.8%) | loss: 1.082391 | lrm: 0.00 | mfu: 8.3% | epoch: 18 | remaining: 121s
2026-04-22 16:53:33,903 INFO train: step 57900 (99.9%) | loss: 1.106066 | lrm: 0.00 | mfu: 8.3% | epoch: 18 | remaining: 59s
2026-04-22 16:54:54,944 INFO train: --- Final Results ---
2026-04-22 16:54:54,944 INFO train: val_bpb:          0.487562
2026-04-22 16:54:54,945 INFO train: training_seconds: 72000.7
2026-04-22 16:54:54,945 INFO train: total_seconds:    72107.7
2026-04-22 16:54:54,945 INFO train: peak_vram_mb:     13463.2
2026-04-22 16:54:54,945 INFO train: mfu_percent:      8.25
2026-04-22 16:54:54,945 INFO train: total_tokens_M:   7595.5
2026-04-22 16:54:54,945 INFO train: num_steps:        57949
2026-04-22 16:54:54,945 INFO train: num_params_M:     135.3
2026-04-22 16:54:54,945 INFO train: depth:            12
2026-04-22 16:54:55,481 INFO train: Checkpoint saved to /mmfs1/projects/changhui.yan/m.afzalsiddique/codes/autoresearch-master/checkpoints/best_130m.pt
